file,line,type,commit,author,date,time,timezone,datetime,depth,length
style.css,1,css,4068a22f,syw003,2025-02-01,21:36:07,-08:00,2025-02-01T21:36:07-08:00,0,5
style.css,2,css,4068a22f,syw003,2025-02-01,21:36:07,-08:00,2025-02-01T21:36:07-08:00,0,14
style.css,3,css,4068a22f,syw003,2025-02-01,21:36:07,-08:00,2025-02-01T21:36:07-08:00,0,16
style.css,4,css,4068a22f,syw003,2025-02-01,21:36:07,-08:00,2025-02-01T21:36:07-08:00,0,11
style.css,5,css,4068a22f,syw003,2025-02-01,21:36:07,-08:00,2025-02-01T21:36:07-08:00,0,19
style.css,6,css,4068a22f,syw003,2025-02-01,21:36:07,-08:00,2025-02-01T21:36:07-08:00,0,20
style.css,7,css,4068a22f,syw003,2025-02-01,21:36:07,-08:00,2025-02-01T21:36:07-08:00,0,17
style.css,8,css,4068a22f,syw003,2025-02-01,21:36:07,-08:00,2025-02-01T21:36:07-08:00,0,0
style.css,9,css,4068a22f,syw003,2025-02-01,21:36:07,-08:00,2025-02-01T21:36:07-08:00,0,0
style.css,10,css,4068a22f,syw003,2025-02-01,21:36:07,-08:00,2025-02-01T21:36:07-08:00,0,6
style.css,11,css,4068a22f,syw003,2025-02-01,21:36:07,-08:00,2025-02-01T21:36:07-08:00,0,32
style.css,12,css,4068a22f,syw003,2025-02-01,21:36:07,-08:00,2025-02-01T21:36:07-08:00,0,0
style.css,13,css,4068a22f,syw003,2025-02-01,21:36:07,-08:00,2025-02-01T21:36:07-08:00,0,0
style.css,14,css,4068a22f,syw003,2025-02-01,21:36:07,-08:00,2025-02-01T21:36:07-08:00,0,5
style.css,15,css,4068a22f,syw003,2025-02-01,21:36:07,-08:00,2025-02-01T21:36:07-08:00,0,24
style.css,16,css,4068a22f,syw003,2025-02-01,21:36:07,-08:00,2025-02-01T21:36:07-08:00,0,32
style.css,17,css,4068a22f,syw003,2025-02-01,21:36:07,-08:00,2025-02-01T21:36:07-08:00,0,0
style.css,18,css,4068a22f,syw003,2025-02-01,21:36:07,-08:00,2025-02-01T21:36:07-08:00,0,0
style.css,19,css,4068a22f,syw003,2025-02-01,21:36:07,-08:00,2025-02-01T21:36:07-08:00,0,4
style.css,20,css,4068a22f,syw003,2025-02-01,21:36:07,-08:00,2025-02-01T21:36:07-08:00,0,21
style.css,21,css,4068a22f,syw003,2025-02-01,21:36:07,-08:00,2025-02-01T21:36:07-08:00,0,14
style.css,22,css,4068a22f,syw003,2025-02-01,21:36:07,-08:00,2025-02-01T21:36:07-08:00,0,6
style.css,23,css,4068a22f,syw003,2025-02-01,21:36:07,-08:00,2025-02-01T21:36:07-08:00,0,11
style.css,24,css,4068a22f,syw003,2025-02-01,21:36:07,-08:00,2025-02-01T21:36:07-08:00,0,12
style.css,25,css,4068a22f,syw003,2025-02-01,21:36:07,-08:00,2025-02-01T21:36:07-08:00,0,22
style.css,26,css,4068a22f,syw003,2025-02-01,21:36:07,-08:00,2025-02-01T21:36:07-08:00,0,18
style.css,27,css,4068a22f,syw003,2025-02-01,21:36:07,-08:00,2025-02-01T21:36:07-08:00,0,19
style.css,28,css,4068a22f,syw003,2025-02-01,21:36:07,-08:00,2025-02-01T21:36:07-08:00,0,40
style.css,29,css,4068a22f,syw003,2025-02-01,21:36:07,-08:00,2025-02-01T21:36:07-08:00,0,74
style.css,30,css,4068a22f,syw003,2025-02-01,21:36:07,-08:00,2025-02-01T21:36:07-08:00,0,19
style.css,31,css,4068a22f,syw003,2025-02-01,21:36:07,-08:00,2025-02-01T21:36:07-08:00,0,0
style.css,32,css,4068a22f,syw003,2025-02-01,21:36:07,-08:00,2025-02-01T21:36:07-08:00,0,0
style.css,33,css,4068a22f,syw003,2025-02-01,21:36:07,-08:00,2025-02-01T21:36:07-08:00,0,0
style.css,34,css,4068a22f,syw003,2025-02-01,21:36:07,-08:00,2025-02-01T21:36:07-08:00,0,6
style.css,35,css,4068a22f,syw003,2025-02-01,21:36:07,-08:00,2025-02-01T21:36:07-08:00,0,17
style.css,36,css,4068a22f,syw003,2025-02-01,21:36:07,-08:00,2025-02-01T21:36:07-08:00,0,0
style.css,37,css,4068a22f,syw003,2025-02-01,21:36:07,-08:00,2025-02-01T21:36:07-08:00,0,6
style.css,38,css,4068a22f,syw003,2025-02-01,21:36:07,-08:00,2025-02-01T21:36:07-08:00,0,17
style.css,39,css,4068a22f,syw003,2025-02-01,21:36:07,-08:00,2025-02-01T21:36:07-08:00,0,0
style.css,40,css,4068a22f,syw003,2025-02-01,21:36:07,-08:00,2025-02-01T21:36:07-08:00,0,0
style.css,41,css,4068a22f,syw003,2025-02-01,21:36:07,-08:00,2025-02-01T21:36:07-08:00,0,5
style.css,42,css,4068a22f,syw003,2025-02-01,21:36:07,-08:00,2025-02-01T21:36:07-08:00,0,6
style.css,43,css,4068a22f,syw003,2025-02-01,21:36:07,-08:00,2025-02-01T21:36:07-08:00,0,21
style.css,44,css,4068a22f,syw003,2025-02-01,21:36:07,-08:00,2025-02-01T21:36:07-08:00,0,14
style.css,45,css,4068a22f,syw003,2025-02-01,21:36:07,-08:00,2025-02-01T21:36:07-08:00,0,18
style.css,46,css,4068a22f,syw003,2025-02-01,21:36:07,-08:00,2025-02-01T21:36:07-08:00,0,14
style.css,47,css,4068a22f,syw003,2025-02-01,21:36:07,-08:00,2025-02-01T21:36:07-08:00,0,0
style.css,48,css,4068a22f,syw003,2025-02-01,21:36:07,-08:00,2025-02-01T21:36:07-08:00,0,0
style.css,49,css,4068a22f,syw003,2025-02-01,21:36:07,-08:00,2025-02-01T21:36:07-08:00,0,13
style.css,50,css,4068a22f,syw003,2025-02-01,21:36:07,-08:00,2025-02-01T21:36:07-08:00,0,44
style.css,51,css,4068a22f,syw003,2025-02-01,21:36:07,-08:00,2025-02-01T21:36:07-08:00,0,21
style.css,52,css,4068a22f,syw003,2025-02-01,21:36:07,-08:00,2025-02-01T21:36:07-08:00,0,0
style.css,53,css,4068a22f,syw003,2025-02-01,21:36:07,-08:00,2025-02-01T21:36:07-08:00,0,0
style.css,54,css,4068a22f,syw003,2025-02-01,21:36:07,-08:00,2025-02-01T21:36:07-08:00,0,11
style.css,55,css,4068a22f,syw003,2025-02-01,21:36:07,-08:00,2025-02-01T21:36:07-08:00,0,46
style.css,56,css,4068a22f,syw003,2025-02-01,21:36:07,-08:00,2025-02-01T21:36:07-08:00,0,70
style.css,57,css,4068a22f,syw003,2025-02-01,21:36:07,-08:00,2025-02-01T21:36:07-08:00,0,63
style.css,58,css,4068a22f,syw003,2025-02-01,21:36:07,-08:00,2025-02-01T21:36:07-08:00,0,0
style.css,59,css,4068a22f,syw003,2025-02-01,21:36:07,-08:00,2025-02-01T21:36:07-08:00,0,0
style.css,60,css,4068a22f,syw003,2025-02-01,21:36:07,-08:00,2025-02-01T21:36:07-08:00,0,13
style.css,61,css,4068a22f,syw003,2025-02-01,21:36:07,-08:00,2025-02-01T21:36:07-08:00,0,10
style.css,62,css,4068a22f,syw003,2025-02-01,21:36:07,-08:00,2025-02-01T21:36:07-08:00,0,13
style.css,63,css,4068a22f,syw003,2025-02-01,21:36:07,-08:00,2025-02-01T21:36:07-08:00,0,11
style.css,64,css,4068a22f,syw003,2025-02-01,21:36:07,-08:00,2025-02-01T21:36:07-08:00,0,14
style.css,65,css,4068a22f,syw003,2025-02-01,21:36:07,-08:00,2025-02-01T21:36:07-08:00,0,10
style.css,66,css,4068a22f,syw003,2025-02-01,21:36:07,-08:00,2025-02-01T21:36:07-08:00,0,15
style.css,67,css,4068a22f,syw003,2025-02-01,21:36:07,-08:00,2025-02-01T21:36:07-08:00,0,21
style.css,68,css,4068a22f,syw003,2025-02-01,21:36:07,-08:00,2025-02-01T21:36:07-08:00,0,13
style.css,69,css,4068a22f,syw003,2025-02-01,21:36:07,-08:00,2025-02-01T21:36:07-08:00,0,22
style.css,70,css,4068a22f,syw003,2025-02-01,21:36:07,-08:00,2025-02-01T21:36:07-08:00,0,0
style.css,71,css,4068a22f,syw003,2025-02-01,21:36:07,-08:00,2025-02-01T21:36:07-08:00,0,0
style.css,72,css,4068a22f,syw003,2025-02-01,21:36:07,-08:00,2025-02-01T21:36:07-08:00,0,11
style.css,73,css,4068a22f,syw003,2025-02-01,21:36:07,-08:00,2025-02-01T21:36:07-08:00,0,19
style.css,74,css,4068a22f,syw003,2025-02-01,21:36:07,-08:00,2025-02-01T21:36:07-08:00,0,3
style.css,75,css,4068a22f,syw003,2025-02-01,21:36:07,-08:00,2025-02-01T21:36:07-08:00,0,0
style.css,76,css,4068a22f,syw003,2025-02-01,21:36:07,-08:00,2025-02-01T21:36:07-08:00,0,5
style.css,77,css,4068a22f,syw003,2025-02-01,21:36:07,-08:00,2025-02-01T21:36:07-08:00,0,13
style.css,78,css,4068a22f,syw003,2025-02-01,21:36:07,-08:00,2025-02-01T21:36:07-08:00,0,31
style.css,79,css,4068a22f,syw003,2025-02-01,21:36:07,-08:00,2025-02-01T21:36:07-08:00,0,8
style.css,80,css,4068a22f,syw003,2025-02-01,21:36:07,-08:00,2025-02-01T21:36:07-08:00,0,0
style.css,81,css,4068a22f,syw003,2025-02-01,21:36:07,-08:00,2025-02-01T21:36:07-08:00,0,11
style.css,82,css,4068a22f,syw003,2025-02-01,21:36:07,-08:00,2025-02-01T21:36:07-08:00,0,13
style.css,83,css,4068a22f,syw003,2025-02-01,21:36:07,-08:00,2025-02-01T21:36:07-08:00,0,30
style.css,84,css,4068a22f,syw003,2025-02-01,21:36:07,-08:00,2025-02-01T21:36:07-08:00,0,17
style.css,85,css,4068a22f,syw003,2025-02-01,21:36:07,-08:00,2025-02-01T21:36:07-08:00,0,0
style.css,86,css,4068a22f,syw003,2025-02-01,21:36:07,-08:00,2025-02-01T21:36:07-08:00,0,11
style.css,87,css,4068a22f,syw003,2025-02-01,21:36:07,-08:00,2025-02-01T21:36:07-08:00,0,17
style.css,88,css,4068a22f,syw003,2025-02-01,21:36:07,-08:00,2025-02-01T21:36:07-08:00,0,0
style.css,89,css,4068a22f,syw003,2025-02-01,21:36:07,-08:00,2025-02-01T21:36:07-08:00,0,0
style.css,90,css,4068a22f,syw003,2025-02-01,21:36:07,-08:00,2025-02-01T21:36:07-08:00,0,10
style.css,91,css,4068a22f,syw003,2025-02-01,21:36:07,-08:00,2025-02-01T21:36:07-08:00,0,13
style.css,92,css,4068a22f,syw003,2025-02-01,21:36:07,-08:00,2025-02-01T21:36:07-08:00,0,59
style.css,93,css,4068a22f,syw003,2025-02-01,21:36:07,-08:00,2025-02-01T21:36:07-08:00,0,0
style.css,94,css,4068a22f,syw003,2025-02-01,21:36:07,-08:00,2025-02-01T21:36:07-08:00,0,0
style.css,95,css,4068a22f,syw003,2025-02-01,21:36:07,-08:00,2025-02-01T21:36:07-08:00,0,18
style.css,96,css,4068a22f,syw003,2025-02-01,21:36:07,-08:00,2025-02-01T21:36:07-08:00,0,13
style.css,97,css,4068a22f,syw003,2025-02-01,21:36:07,-08:00,2025-02-01T21:36:07-08:00,0,27
style.css,98,css,4068a22f,syw003,2025-02-01,21:36:07,-08:00,2025-02-01T21:36:07-08:00,0,16
style.css,99,css,4068a22f,syw003,2025-02-01,21:36:07,-08:00,2025-02-01T21:36:07-08:00,0,8
style.css,100,css,4068a22f,syw003,2025-02-01,21:36:07,-08:00,2025-02-01T21:36:07-08:00,0,0
style.css,101,css,4068a22f,syw003,2025-02-01,21:36:07,-08:00,2025-02-01T21:36:07-08:00,0,13
style.css,102,css,4068a22f,syw003,2025-02-01,21:36:07,-08:00,2025-02-01T21:36:07-08:00,0,9
style.css,103,css,4068a22f,syw003,2025-02-01,21:36:07,-08:00,2025-02-01T21:36:07-08:00,0,0
style.css,104,css,4068a22f,syw003,2025-02-01,21:36:07,-08:00,2025-02-01T21:36:07-08:00,0,0
style.css,105,css,4068a22f,syw003,2025-02-01,21:36:07,-08:00,2025-02-01T21:36:07-08:00,0,3
style.css,106,css,4068a22f,syw003,2025-02-01,21:36:07,-08:00,2025-02-01T21:36:07-08:00,0,15
style.css,107,css,4068a22f,syw003,2025-02-01,21:36:07,-08:00,2025-02-01T21:36:07-08:00,0,0
style.css,108,css,4068a22f,syw003,2025-02-01,21:36:07,-08:00,2025-02-01T21:36:07-08:00,0,3
style.css,109,css,4068a22f,syw003,2025-02-01,21:36:07,-08:00,2025-02-01T21:36:07-08:00,0,15
style.css,110,css,4068a22f,syw003,2025-02-01,21:36:07,-08:00,2025-02-01T21:36:07-08:00,0,0
style.css,111,css,4068a22f,syw003,2025-02-01,21:36:07,-08:00,2025-02-01T21:36:07-08:00,0,22
style.css,112,css,4068a22f,syw003,2025-02-01,21:36:07,-08:00,2025-02-01T21:36:07-08:00,0,16
style.css,113,css,4068a22f,syw003,2025-02-01,21:36:07,-08:00,2025-02-01T21:36:07-08:00,0,18
style.css,114,css,4068a22f,syw003,2025-02-01,21:36:07,-08:00,2025-02-01T21:36:07-08:00,0,15
style.css,115,css,4068a22f,syw003,2025-02-01,21:36:07,-08:00,2025-02-01T21:36:07-08:00,0,0
style.css,116,css,4068a22f,syw003,2025-02-01,21:36:07,-08:00,2025-02-01T21:36:07-08:00,0,0
style.css,117,css,4068a22f,syw003,2025-02-01,21:36:07,-08:00,2025-02-01T21:36:07-08:00,0,10
style.css,118,css,4068a22f,syw003,2025-02-01,21:36:07,-08:00,2025-02-01T21:36:07-08:00,0,11
style.css,119,css,4068a22f,syw003,2025-02-01,21:36:07,-08:00,2025-02-01T21:36:07-08:00,0,0
style.css,120,css,4068a22f,syw003,2025-02-01,21:36:07,-08:00,2025-02-01T21:36:07-08:00,0,11
style.css,121,css,4068a22f,syw003,2025-02-01,21:36:07,-08:00,2025-02-01T21:36:07-08:00,0,11
style.css,122,css,4068a22f,syw003,2025-02-01,21:36:07,-08:00,2025-02-01T21:36:07-08:00,0,43
style.css,123,css,4068a22f,syw003,2025-02-01,21:36:07,-08:00,2025-02-01T21:36:07-08:00,0,0
style.css,124,css,4068a22f,syw003,2025-02-01,21:36:07,-08:00,2025-02-01T21:36:07-08:00,0,0
style.css,125,css,4068a22f,syw003,2025-02-01,21:36:07,-08:00,2025-02-01T21:36:07-08:00,0,11
style.css,126,css,4068a22f,syw003,2025-02-01,21:36:07,-08:00,2025-02-01T21:36:07-08:00,0,11
style.css,127,css,4068a22f,syw003,2025-02-01,21:36:07,-08:00,2025-02-01T21:36:07-08:00,0,13
style.css,128,css,4068a22f,syw003,2025-02-01,21:36:07,-08:00,2025-02-01T21:36:07-08:00,0,0
style.css,129,css,4068a22f,syw003,2025-02-01,21:36:07,-08:00,2025-02-01T21:36:07-08:00,0,13
style.css,130,css,4068a22f,syw003,2025-02-01,21:36:07,-08:00,2025-02-01T21:36:07-08:00,0,11
style.css,131,css,4068a22f,syw003,2025-02-01,21:36:07,-08:00,2025-02-01T21:36:07-08:00,0,11
style.css,132,css,4068a22f,syw003,2025-02-01,21:36:07,-08:00,2025-02-01T21:36:07-08:00,0,0
style.css,133,css,4068a22f,syw003,2025-02-01,21:36:07,-08:00,2025-02-01T21:36:07-08:00,0,11
style.css,134,css,4068a22f,syw003,2025-02-01,21:36:07,-08:00,2025-02-01T21:36:07-08:00,0,11
style.css,135,css,4068a22f,syw003,2025-02-01,21:36:07,-08:00,2025-02-01T21:36:07-08:00,0,0
style.css,136,css,4068a22f,syw003,2025-02-01,21:36:07,-08:00,2025-02-01T21:36:07-08:00,0,10
style.css,137,css,4068a22f,syw003,2025-02-01,21:36:07,-08:00,2025-02-01T21:36:07-08:00,0,11
style.css,138,css,4068a22f,syw003,2025-02-01,21:36:07,-08:00,2025-02-01T21:36:07-08:00,0,0
style.css,139,css,4068a22f,syw003,2025-02-01,21:36:07,-08:00,2025-02-01T21:36:07-08:00,0,0
style.css,140,css,4068a22f,syw003,2025-02-01,21:36:07,-08:00,2025-02-01T21:36:07-08:00,0,13
style.css,141,css,4068a22f,syw003,2025-02-01,21:36:07,-08:00,2025-02-01T21:36:07-08:00,0,18
style.css,142,css,4068a22f,syw003,2025-02-01,21:36:07,-08:00,2025-02-01T21:36:07-08:00,0,9
style.css,143,css,4068a22f,syw003,2025-02-01,21:36:07,-08:00,2025-02-01T21:36:07-08:00,0,11
style.css,144,css,4068a22f,syw003,2025-02-01,21:36:07,-08:00,2025-02-01T21:36:07-08:00,0,14
style.css,145,css,4068a22f,syw003,2025-02-01,21:36:07,-08:00,2025-02-01T21:36:07-08:00,0,20
style.css,146,css,4068a22f,syw003,2025-02-01,21:36:07,-08:00,2025-02-01T21:36:07-08:00,0,0
style.css,147,css,4068a22f,syw003,2025-02-01,21:36:07,-08:00,2025-02-01T21:36:07-08:00,0,0
style.css,148,css,4068a22f,syw003,2025-02-01,21:36:07,-08:00,2025-02-01T21:36:07-08:00,0,21
style.css,149,css,4068a22f,syw003,2025-02-01,21:36:07,-08:00,2025-02-01T21:36:07-08:00,0,20
style.css,150,css,4068a22f,syw003,2025-02-01,21:36:07,-08:00,2025-02-01T21:36:07-08:00,0,0
style.css,151,css,4068a22f,syw003,2025-02-01,21:36:07,-08:00,2025-02-01T21:36:07-08:00,0,0
style.css,152,css,4068a22f,syw003,2025-02-01,21:36:07,-08:00,2025-02-01T21:36:07-08:00,0,0
style.css,153,css,4068a22f,syw003,2025-02-01,21:36:07,-08:00,2025-02-01T21:36:07-08:00,0,14
style.css,154,css,4068a22f,syw003,2025-02-01,21:36:07,-08:00,2025-02-01T21:36:07-08:00,0,13
style.css,155,css,4068a22f,syw003,2025-02-01,21:36:07,-08:00,2025-02-01T21:36:07-08:00,0,59
style.css,156,css,4068a22f,syw003,2025-02-01,21:36:07,-08:00,2025-02-01T21:36:07-08:00,0,18
style.css,157,css,4068a22f,syw003,2025-02-01,21:36:07,-08:00,2025-02-01T21:36:07-08:00,0,46
style.css,158,css,4068a22f,syw003,2025-02-01,21:36:07,-08:00,2025-02-01T21:36:07-08:00,0,40
style.css,159,css,4068a22f,syw003,2025-02-01,21:36:07,-08:00,2025-02-01T21:36:07-08:00,0,38
style.css,160,css,4068a22f,syw003,2025-02-01,21:36:07,-08:00,2025-02-01T21:36:07-08:00,0,0
style.css,161,css,4068a22f,syw003,2025-02-01,21:36:07,-08:00,2025-02-01T21:36:07-08:00,0,0
style.css,162,css,4068a22f,syw003,2025-02-01,21:36:07,-08:00,2025-02-01T21:36:07-08:00,0,17
style.css,163,css,4068a22f,syw003,2025-02-01,21:36:07,-08:00,2025-02-01T21:36:07-08:00,0,17
style.css,164,css,4068a22f,syw003,2025-02-01,21:36:07,-08:00,2025-02-01T21:36:07-08:00,0,17
style.css,165,css,4068a22f,syw003,2025-02-01,21:36:07,-08:00,2025-02-01T21:36:07-08:00,0,25
style.css,166,css,4068a22f,syw003,2025-02-01,21:36:07,-08:00,2025-02-01T21:36:07-08:00,0,52
style.css,167,css,4068a22f,syw003,2025-02-01,21:36:07,-08:00,2025-02-01T21:36:07-08:00,0,50
style.css,168,css,4068a22f,syw003,2025-02-01,21:36:07,-08:00,2025-02-01T21:36:07-08:00,0,0
style.css,169,css,4068a22f,syw003,2025-02-01,21:36:07,-08:00,2025-02-01T21:36:07-08:00,0,0
style.css,170,css,4068a22f,syw003,2025-02-01,21:36:07,-08:00,2025-02-01T21:36:07-08:00,0,17
style.css,171,css,4068a22f,syw003,2025-02-01,21:36:07,-08:00,2025-02-01T21:36:07-08:00,0,45
style.css,172,css,4068a22f,syw003,2025-02-01,21:36:07,-08:00,2025-02-01T21:36:07-08:00,0,17
style.css,173,css,4068a22f,syw003,2025-02-01,21:36:07,-08:00,2025-02-01T21:36:07-08:00,0,9
style.css,174,css,4068a22f,syw003,2025-02-01,21:36:07,-08:00,2025-02-01T21:36:07-08:00,0,51
style.css,175,css,4068a22f,syw003,2025-02-01,21:36:07,-08:00,2025-02-01T21:36:07-08:00,0,0
style.css,176,css,4068a22f,syw003,2025-02-01,21:36:07,-08:00,2025-02-01T21:36:07-08:00,0,0
style.css,177,css,4068a22f,syw003,2025-02-01,21:36:07,-08:00,2025-02-01T21:36:07-08:00,0,14
style.css,178,css,4068a22f,syw003,2025-02-01,21:36:07,-08:00,2025-02-01T21:36:07-08:00,0,59
style.css,179,css,4068a22f,syw003,2025-02-01,21:36:07,-08:00,2025-02-01T21:36:07-08:00,0,45
style.css,180,css,4068a22f,syw003,2025-02-01,21:36:07,-08:00,2025-02-01T21:36:07-08:00,0,55
style.css,181,css,4068a22f,syw003,2025-02-01,21:36:07,-08:00,2025-02-01T21:36:07-08:00,0,40
style.css,182,css,4068a22f,syw003,2025-02-01,21:36:07,-08:00,2025-02-01T21:36:07-08:00,0,58
style.css,183,css,4068a22f,syw003,2025-02-01,21:36:07,-08:00,2025-02-01T21:36:07-08:00,0,51
style.css,184,css,4068a22f,syw003,2025-02-01,21:36:07,-08:00,2025-02-01T21:36:07-08:00,0,56
style.css,185,css,4068a22f,syw003,2025-02-01,21:36:07,-08:00,2025-02-01T21:36:07-08:00,0,0
style.css,186,css,f6a11e80,syw003,2025-02-08,00:44:32,-07:00,2025-02-08T00:44:32-07:00,0,0
style.css,187,css,f6a11e80,syw003,2025-02-08,00:44:32,-07:00,2025-02-08T00:44:32-07:00,0,14
style.css,188,css,f6a11e80,syw003,2025-02-08,00:44:32,-07:00,2025-02-08T00:44:32-07:00,0,49
style.css,189,css,f6a11e80,syw003,2025-02-08,00:44:32,-07:00,2025-02-08T00:44:32-07:00,0,17
style.css,190,css,f6a11e80,syw003,2025-02-08,00:44:32,-07:00,2025-02-08T00:44:32-07:00,0,85
style.css,191,css,f6a11e80,syw003,2025-02-08,00:44:32,-07:00,2025-02-08T00:44:32-07:00,0,42
style.css,192,css,f6a11e80,syw003,2025-02-08,00:44:32,-07:00,2025-02-08T00:44:32-07:00,0,18
style.css,193,css,f6a11e80,syw003,2025-02-08,00:44:32,-07:00,2025-02-08T00:44:32-07:00,0,0
style.css,194,css,f6a11e80,syw003,2025-02-08,00:44:32,-07:00,2025-02-08T00:44:32-07:00,0,0
style.css,195,css,f6a11e80,syw003,2025-02-08,00:44:32,-07:00,2025-02-08T00:44:32-07:00,0,14
style.css,196,css,f6a11e80,syw003,2025-02-08,00:44:32,-07:00,2025-02-08T00:44:32-07:00,0,13
style.css,197,css,f6a11e80,syw003,2025-02-08,00:44:32,-07:00,2025-02-08T00:44:32-07:00,0,22
style.css,198,css,f6a11e80,syw003,2025-02-08,00:44:32,-07:00,2025-02-08T00:44:32-07:00,0,11
style.css,199,css,f6a11e80,syw003,2025-02-08,00:44:32,-07:00,2025-02-08T00:44:32-07:00,0,0
style.css,200,css,f6a11e80,syw003,2025-02-08,00:44:32,-07:00,2025-02-08T00:44:32-07:00,0,0
style.css,201,css,f6a11e80,syw003,2025-02-08,00:44:32,-07:00,2025-02-08T00:44:32-07:00,0,11
style.css,202,css,f6a11e80,syw003,2025-02-08,00:44:32,-07:00,2025-02-08T00:44:32-07:00,0,53
style.css,203,css,f6a11e80,syw003,2025-02-08,00:44:32,-07:00,2025-02-08T00:44:32-07:00,0,54
style.css,204,css,f6a11e80,syw003,2025-02-08,00:44:32,-07:00,2025-02-08T00:44:32-07:00,0,63
style.css,205,css,f6a11e80,syw003,2025-02-08,00:44:32,-07:00,2025-02-08T00:44:32-07:00,0,61
style.css,206,css,f6a11e80,syw003,2025-02-08,00:44:32,-07:00,2025-02-08T00:44:32-07:00,0,17
style.css,207,css,f6a11e80,syw003,2025-02-08,00:44:32,-07:00,2025-02-08T00:44:32-07:00,0,15
style.css,208,css,f6a11e80,syw003,2025-02-08,00:44:32,-07:00,2025-02-08T00:44:32-07:00,0,0
style.css,209,css,f6a11e80,syw003,2025-02-08,00:44:32,-07:00,2025-02-08T00:44:32-07:00,0,0
style.css,210,css,f6a11e80,syw003,2025-02-08,00:44:32,-07:00,2025-02-08T00:44:32-07:00,0,0
style.css,211,css,f6a11e80,syw003,2025-02-08,00:44:32,-07:00,2025-02-08T00:44:32-07:00,0,15
style.css,212,css,f6a11e80,syw003,2025-02-08,00:44:32,-07:00,2025-02-08T00:44:32-07:00,0,14
style.css,213,css,f6a11e80,syw003,2025-02-08,00:44:32,-07:00,2025-02-08T00:44:32-07:00,0,15
style.css,214,css,f6a11e80,syw003,2025-02-08,00:44:32,-07:00,2025-02-08T00:44:32-07:00,0,18
style.css,215,css,f6a11e80,syw003,2025-02-08,00:44:32,-07:00,2025-02-08T00:44:32-07:00,0,15
style.css,216,css,f6a11e80,syw003,2025-02-08,00:44:32,-07:00,2025-02-08T00:44:32-07:00,0,12
style.css,217,css,f6a11e80,syw003,2025-02-08,00:44:32,-07:00,2025-02-08T00:44:32-07:00,0,17
style.css,218,css,f6a11e80,syw003,2025-02-08,00:44:32,-07:00,2025-02-08T00:44:32-07:00,0,17
style.css,219,css,f6a11e80,syw003,2025-02-08,00:44:32,-07:00,2025-02-08T00:44:32-07:00,0,0
style.css,220,css,f6a11e80,syw003,2025-02-08,00:44:32,-07:00,2025-02-08T00:44:32-07:00,0,0
style.css,221,css,f6a11e80,syw003,2025-02-08,00:44:32,-07:00,2025-02-08T00:44:32-07:00,0,0
style.css,222,css,f6a11e80,syw003,2025-02-08,00:44:32,-07:00,2025-02-08T00:44:32-07:00,0,8
style.css,223,css,f6a11e80,syw003,2025-02-08,00:44:32,-07:00,2025-02-08T00:44:32-07:00,0,7
style.css,224,css,f6a11e80,syw003,2025-02-08,00:44:32,-07:00,2025-02-08T00:44:32-07:00,0,13
style.css,225,css,f6a11e80,syw003,2025-02-08,00:44:32,-07:00,2025-02-08T00:44:32-07:00,0,58
style.css,226,css,f6a11e80,syw003,2025-02-08,00:44:32,-07:00,2025-02-08T00:44:32-07:00,0,9
style.css,227,css,f6a11e80,syw003,2025-02-08,00:44:32,-07:00,2025-02-08T00:44:32-07:00,0,13
style.css,228,css,f6a11e80,syw003,2025-02-08,00:44:32,-07:00,2025-02-08T00:44:32-07:00,0,22
style.css,229,css,f6a11e80,syw003,2025-02-08,00:44:32,-07:00,2025-02-08T00:44:32-07:00,0,18
style.css,230,css,f6a11e80,syw003,2025-02-08,00:44:32,-07:00,2025-02-08T00:44:32-07:00,0,25
style.css,231,css,f6a11e80,syw003,2025-02-08,00:44:32,-07:00,2025-02-08T00:44:32-07:00,0,16
style.css,232,css,f6a11e80,syw003,2025-02-08,00:44:32,-07:00,2025-02-08T00:44:32-07:00,0,17
style.css,233,css,f6a11e80,syw003,2025-02-08,00:44:32,-07:00,2025-02-08T00:44:32-07:00,0,0
style.css,234,css,f6a11e80,syw003,2025-02-08,00:44:32,-07:00,2025-02-08T00:44:32-07:00,0,0
style.css,235,css,f6a11e80,syw003,2025-02-08,00:44:32,-07:00,2025-02-08T00:44:32-07:00,0,0
style.css,236,css,f6a11e80,syw003,2025-02-08,00:44:32,-07:00,2025-02-08T00:44:32-07:00,0,13
style.css,237,css,f6a11e80,syw003,2025-02-08,00:44:32,-07:00,2025-02-08T00:44:32-07:00,0,13
style.css,238,css,f6a11e80,syw003,2025-02-08,00:44:32,-07:00,2025-02-08T00:44:32-07:00,0,19
style.css,239,css,f6a11e80,syw003,2025-02-08,00:44:32,-07:00,2025-02-08T00:44:32-07:00,0,11
style.css,240,css,f6a11e80,syw003,2025-02-08,00:44:32,-07:00,2025-02-08T00:44:32-07:00,0,15
style.css,241,css,f6a11e80,syw003,2025-02-08,00:44:32,-07:00,2025-02-08T00:44:32-07:00,0,0
style.css,242,css,f6a11e80,syw003,2025-02-08,00:44:32,-07:00,2025-02-08T00:44:32-07:00,0,0
style.css,243,css,f6a11e80,syw003,2025-02-08,00:44:32,-07:00,2025-02-08T00:44:32-07:00,0,21
style.css,244,css,f6a11e80,syw003,2025-02-08,00:44:32,-07:00,2025-02-08T00:44:32-07:00,0,11
style.css,245,css,f6a11e80,syw003,2025-02-08,00:44:32,-07:00,2025-02-08T00:44:32-07:00,0,12
style.css,246,css,f6a11e80,syw003,2025-02-08,00:44:32,-07:00,2025-02-08T00:44:32-07:00,0,18
style.css,247,css,f6a11e80,syw003,2025-02-08,00:44:32,-07:00,2025-02-08T00:44:32-07:00,0,30
style.css,248,css,f6a11e80,syw003,2025-02-08,00:44:32,-07:00,2025-02-08T00:44:32-07:00,0,21
style.css,249,css,f6a11e80,syw003,2025-02-08,00:44:32,-07:00,2025-02-08T00:44:32-07:00,0,0
style.css,250,css,f6a11e80,syw003,2025-02-08,00:44:32,-07:00,2025-02-08T00:44:32-07:00,0,0
style.css,251,css,f6a11e80,syw003,2025-02-08,00:44:32,-07:00,2025-02-08T00:44:32-07:00,0,5
style.css,252,css,f6a11e80,syw003,2025-02-08,00:44:32,-07:00,2025-02-08T00:44:32-07:00,0,17
style.css,253,css,f6a11e80,syw003,2025-02-08,00:44:32,-07:00,2025-02-08T00:44:32-07:00,0,0
style.css,254,css,f6a11e80,syw003,2025-02-08,00:44:32,-07:00,2025-02-08T00:44:32-07:00,0,0
style.css,255,css,f6a11e80,syw003,2025-02-08,00:44:32,-07:00,2025-02-08T00:44:32-07:00,0,18
style.css,256,css,f6a11e80,syw003,2025-02-08,00:44:32,-07:00,2025-02-08T00:44:32-07:00,0,17
style.css,257,css,f6a11e80,syw003,2025-02-08,00:44:32,-07:00,2025-02-08T00:44:32-07:00,0,12
style.css,258,css,f6a11e80,syw003,2025-02-08,00:44:32,-07:00,2025-02-08T00:44:32-07:00,0,0
style.css,259,css,f6a11e80,syw003,2025-02-08,00:44:32,-07:00,2025-02-08T00:44:32-07:00,0,0
style.css,260,css,f6a11e80,syw003,2025-02-08,00:44:32,-07:00,2025-02-08T00:44:32-07:00,0,0
style.css,261,css,f6a11e80,syw003,2025-02-08,00:44:32,-07:00,2025-02-08T00:44:32-07:00,0,10
style.css,262,css,f6a11e80,syw003,2025-02-08,00:44:32,-07:00,2025-02-08T00:44:32-07:00,0,36
style.css,263,css,f6a11e80,syw003,2025-02-08,00:44:32,-07:00,2025-02-08T00:44:32-07:00,0,0
style.css,264,css,f6a11e80,syw003,2025-02-08,00:44:32,-07:00,2025-02-08T00:44:32-07:00,0,19
style.css,265,css,f6a11e80,syw003,2025-02-08,00:44:32,-07:00,2025-02-08T00:44:32-07:00,0,18
style.css,266,css,f6a11e80,syw003,2025-02-08,00:44:32,-07:00,2025-02-08T00:44:32-07:00,0,0
style.css,267,css,f6a11e80,syw003,2025-02-08,00:44:32,-07:00,2025-02-08T00:44:32-07:00,0,0
style.css,268,css,f6a11e80,syw003,2025-02-08,00:44:32,-07:00,2025-02-08T00:44:32-07:00,0,17
style.css,269,css,f6a11e80,syw003,2025-02-08,00:44:32,-07:00,2025-02-08T00:44:32-07:00,0,17
style.css,270,css,f6a11e80,syw003,2025-02-08,00:44:32,-07:00,2025-02-08T00:44:32-07:00,0,26
style.css,271,css,f6a11e80,syw003,2025-02-08,00:44:32,-07:00,2025-02-08T00:44:32-07:00,0,0
style.css,272,css,f6a11e80,syw003,2025-02-08,00:44:32,-07:00,2025-02-08T00:44:32-07:00,0,0
style.css,273,css,f6a11e80,syw003,2025-02-08,00:44:32,-07:00,2025-02-08T00:44:32-07:00,0,26
style.css,274,css,f6a11e80,syw003,2025-02-08,00:44:32,-07:00,2025-02-08T00:44:32-07:00,0,5
style.css,275,css,f6a11e80,syw003,2025-02-08,00:44:32,-07:00,2025-02-08T00:44:32-07:00,0,15
style.css,276,css,f6a11e80,syw003,2025-02-08,00:44:32,-07:00,2025-02-08T00:44:32-07:00,0,0
index.js,1,js,4068a22f,syw003,2025-02-01,21:36:07,-08:00,2025-02-01T21:36:07-08:00,0,72
index.js,2,js,4068a22f,syw003,2025-02-01,21:36:07,-08:00,2025-02-01T21:36:07-08:00,0,55
index.js,3,js,4068a22f,syw003,2025-02-01,21:36:07,-08:00,2025-02-01T21:36:07-08:00,0,43
index.js,4,js,4068a22f,syw003,2025-02-01,21:36:07,-08:00,2025-02-01T21:36:07-08:00,0,61
index.js,5,js,4068a22f,syw003,2025-02-01,21:36:07,-08:00,2025-02-01T21:36:07-08:00,0,55
index.js,6,js,4068a22f,syw003,2025-02-01,21:36:07,-08:00,2025-02-01T21:36:07-08:00,0,0
index.js,7,js,4068a22f,syw003,2025-02-01,21:36:07,-08:00,2025-02-01T21:36:07-08:00,0,0
index.js,8,js,4068a22f,syw003,2025-02-01,21:36:07,-08:00,2025-02-01T21:36:07-08:00,0,50
index.js,9,js,4068a22f,syw003,2025-02-01,21:36:07,-08:00,2025-02-01T21:36:07-08:00,0,22
index.js,10,js,4068a22f,syw003,2025-02-01,21:36:07,-08:00,2025-02-01T21:36:07-08:00,0,61
index.js,11,js,4068a22f,syw003,2025-02-01,21:36:07,-08:00,2025-02-01T21:36:07-08:00,0,0
index.js,12,js,4068a22f,syw003,2025-02-01,21:36:07,-08:00,2025-02-01T21:36:07-08:00,0,18
index.js,13,js,4068a22f,syw003,2025-02-01,21:36:07,-08:00,2025-02-01T21:36:07-08:00,0,25
index.js,14,js,4068a22f,syw003,2025-02-01,21:36:07,-08:00,2025-02-01T21:36:07-08:00,0,3
index.js,15,js,4068a22f,syw003,2025-02-01,21:36:07,-08:00,2025-02-01T21:36:07-08:00,0,56
index.js,16,js,4068a22f,syw003,2025-02-01,21:36:07,-08:00,2025-02-01T21:36:07-08:00,0,56
index.js,17,js,4068a22f,syw003,2025-02-01,21:36:07,-08:00,2025-02-01T21:36:07-08:00,0,50
index.js,18,js,4068a22f,syw003,2025-02-01,21:36:07,-08:00,2025-02-01T21:36:07-08:00,0,50
index.js,19,js,4068a22f,syw003,2025-02-01,21:36:07,-08:00,2025-02-01T21:36:07-08:00,0,4
index.js,20,js,4068a22f,syw003,2025-02-01,21:36:07,-08:00,2025-02-01T21:36:07-08:00,0,1
index.js,21,js,4068a22f,syw003,2025-02-01,21:36:07,-08:00,2025-02-01T21:36:07-08:00,0,0
index.html,1,html,4068a22f,syw003,2025-02-01,21:36:07,-08:00,2025-02-01T21:36:07-08:00,0,14
index.html,2,html,4068a22f,syw003,2025-02-01,21:36:07,-08:00,2025-02-01T21:36:07-08:00,0,15
index.html,3,html,4068a22f,syw003,2025-02-01,21:36:07,-08:00,2025-02-01T21:36:07-08:00,0,5
index.html,4,html,4068a22f,syw003,2025-02-01,21:36:07,-08:00,2025-02-01T21:36:07-08:00,0,21
index.html,5,html,4068a22f,syw003,2025-02-01,21:36:07,-08:00,2025-02-01T21:36:07-08:00,0,69
index.html,6,html,4068a22f,syw003,2025-02-01,21:36:07,-08:00,2025-02-01T21:36:07-08:00,0,49
index.html,7,html,4068a22f,syw003,2025-02-01,21:36:07,-08:00,2025-02-01T21:36:07-08:00,0,39
index.html,8,html,4068a22f,syw003,2025-02-01,21:36:07,-08:00,2025-02-01T21:36:07-08:00,0,46
index.html,9,html,4068a22f,syw003,2025-02-01,21:36:07,-08:00,2025-02-01T21:36:07-08:00,0,51
index.html,10,html,4068a22f,syw003,2025-02-01,21:36:07,-08:00,2025-02-01T21:36:07-08:00,0,0
index.html,11,html,4068a22f,syw003,2025-02-01,21:36:07,-08:00,2025-02-01T21:36:07-08:00,0,6
index.html,12,html,4068a22f,syw003,2025-02-01,21:36:07,-08:00,2025-02-01T21:36:07-08:00,0,0
index.html,13,html,4068a22f,syw003,2025-02-01,21:36:07,-08:00,2025-02-01T21:36:07-08:00,0,5
index.html,14,html,4068a22f,syw003,2025-02-01,21:36:07,-08:00,2025-02-01T21:36:07-08:00,0,17
index.html,15,html,4068a22f,syw003,2025-02-01,21:36:07,-08:00,2025-02-01T21:36:07-08:00,0,46
index.html,16,html,4068a22f,syw003,2025-02-01,21:36:07,-08:00,2025-02-01T21:36:07-08:00,0,47
index.html,17,html,4068a22f,syw003,2025-02-01,21:36:07,-08:00,2025-02-01T21:36:07-08:00,0,56
index.html,18,html,4068a22f,syw003,2025-02-01,21:36:07,-08:00,2025-02-01T21:36:07-08:00,0,23
index.html,19,html,4068a22f,syw003,2025-02-01,21:36:07,-08:00,2025-02-01T21:36:07-08:00,0,21
index.html,20,html,4068a22f,syw003,2025-02-01,21:36:07,-08:00,2025-02-01T21:36:07-08:00,0,50
index.html,21,html,4068a22f,syw003,2025-02-01,21:36:07,-08:00,2025-02-01T21:36:07-08:00,0,5
index.html,22,html,4068a22f,syw003,2025-02-01,21:36:07,-08:00,2025-02-01T21:36:07-08:00,0,20
index.html,23,html,4068a22f,syw003,2025-02-01,21:36:07,-08:00,2025-02-01T21:36:07-08:00,0,25
index.html,24,html,4068a22f,syw003,2025-02-01,21:36:07,-08:00,2025-02-01T21:36:07-08:00,0,22
index.html,25,html,4068a22f,syw003,2025-02-01,21:36:07,-08:00,2025-02-01T21:36:07-08:00,0,0
index.html,26,html,4068a22f,syw003,2025-02-01,21:36:07,-08:00,2025-02-01T21:36:07-08:00,0,0
index.html,27,html,4068a22f,syw003,2025-02-01,21:36:07,-08:00,2025-02-01T21:36:07-08:00,0,5
index.html,28,html,4068a22f,syw003,2025-02-01,21:36:07,-08:00,2025-02-01T21:36:07-08:00,0,0
index.html,29,html,4068a22f,syw003,2025-02-01,21:36:07,-08:00,2025-02-01T21:36:07-08:00,0,0
index.html,30,html,4068a22f,syw003,2025-02-01,21:36:07,-08:00,2025-02-01T21:36:07-08:00,0,6
index.html,31,html,4068a22f,syw003,2025-02-01,21:36:07,-08:00,2025-02-01T21:36:07-08:00,0,0
index.html,32,html,4068a22f,syw003,2025-02-01,21:36:07,-08:00,2025-02-01T21:36:07-08:00,0,22
index.html,33,html,4068a22f,syw003,2025-02-01,21:36:07,-08:00,2025-02-01T21:36:07-08:00,0,3
index.html,34,html,4068a22f,syw003,2025-02-01,21:36:07,-08:00,2025-02-01T21:36:07-08:00,0,38
index.html,35,html,4068a22f,syw003,2025-02-01,21:36:07,-08:00,2025-02-01T21:36:07-08:00,0,52
index.html,36,html,4068a22f,syw003,2025-02-01,21:36:07,-08:00,2025-02-01T21:36:07-08:00,0,50
index.html,37,html,4068a22f,syw003,2025-02-01,21:36:07,-08:00,2025-02-01T21:36:07-08:00,0,40
index.html,38,html,4068a22f,syw003,2025-02-01,21:36:07,-08:00,2025-02-01T21:36:07-08:00,0,71
index.html,39,html,4068a22f,syw003,2025-02-01,21:36:07,-08:00,2025-02-01T21:36:07-08:00,0,0
index.html,40,html,4068a22f,syw003,2025-02-01,21:36:07,-08:00,2025-02-01T21:36:07-08:00,0,4
index.html,41,html,4068a22f,syw003,2025-02-01,21:36:07,-08:00,2025-02-01T21:36:07-08:00,0,0
index.html,42,html,4068a22f,syw003,2025-02-01,21:36:07,-08:00,2025-02-01T21:36:07-08:00,0,9
index.html,43,html,4068a22f,syw003,2025-02-01,21:36:07,-08:00,2025-02-01T21:36:07-08:00,0,0
index.html,44,html,4068a22f,syw003,2025-02-01,21:36:07,-08:00,2025-02-01T21:36:07-08:00,0,6
global.js,1,js,4068a22f,syw003,2025-02-01,21:36:07,-08:00,2025-02-01T21:36:07-08:00,0,26
global.js,2,js,4068a22f,syw003,2025-02-01,21:36:07,-08:00,2025-02-01T21:36:07-08:00,0,0
global.js,3,js,4068a22f,syw003,2025-02-01,21:36:07,-08:00,2025-02-01T21:36:07-08:00,0,42
global.js,4,js,4068a22f,syw003,2025-02-01,21:36:07,-08:00,2025-02-01T21:36:07-08:00,0,53
global.js,5,js,4068a22f,syw003,2025-02-01,21:36:07,-08:00,2025-02-01T21:36:07-08:00,0,0
global.js,6,js,4068a22f,syw003,2025-02-01,21:36:07,-08:00,2025-02-01T21:36:07-08:00,0,0
global.js,7,js,4068a22f,syw003,2025-02-01,21:36:07,-08:00,2025-02-01T21:36:07-08:00,0,29
global.js,8,js,4068a22f,syw003,2025-02-01,21:36:07,-08:00,2025-02-01T21:36:07-08:00,0,0
global.js,9,js,4068a22f,syw003,2025-02-01,21:36:07,-08:00,2025-02-01T21:36:07-08:00,0,34
global.js,10,js,4068a22f,syw003,2025-02-01,21:36:07,-08:00,2025-02-01T21:36:07-08:00,0,73
global.js,11,js,4068a22f,syw003,2025-02-01,21:36:07,-08:00,2025-02-01T21:36:07-08:00,0,4
global.js,12,js,4068a22f,syw003,2025-02-01,21:36:07,-08:00,2025-02-01T21:36:07-08:00,0,40
global.js,13,js,4068a22f,syw003,2025-02-01,21:36:07,-08:00,2025-02-01T21:36:07-08:00,0,0
global.js,14,js,4068a22f,syw003,2025-02-01,21:36:07,-08:00,2025-02-01T21:36:07-08:00,0,12
global.js,15,js,4068a22f,syw003,2025-02-01,21:36:07,-08:00,2025-02-01T21:36:07-08:00,0,24
global.js,16,js,4068a22f,syw003,2025-02-01,21:36:07,-08:00,2025-02-01T21:36:07-08:00,0,37
global.js,17,js,4068a22f,syw003,2025-02-01,21:36:07,-08:00,2025-02-01T21:36:07-08:00,0,35
global.js,18,js,4068a22f,syw003,2025-02-01,21:36:07,-08:00,2025-02-01T21:36:07-08:00,0,25
global.js,19,js,4068a22f,syw003,2025-02-01,21:36:07,-08:00,2025-02-01T21:36:07-08:00,0,51
global.js,20,js,4068a22f,syw003,2025-02-01,21:36:07,-08:00,2025-02-01T21:36:07-08:00,0,1
global.js,21,js,4068a22f,syw003,2025-02-01,21:36:07,-08:00,2025-02-01T21:36:07-08:00,0,0
global.js,22,js,4068a22f,syw003,2025-02-01,21:36:07,-08:00,2025-02-01T21:36:07-08:00,0,71
global.js,23,js,4068a22f,syw003,2025-02-01,21:36:07,-08:00,2025-02-01T21:36:07-08:00,0,0
global.js,24,js,4068a22f,syw003,2025-02-01,21:36:07,-08:00,2025-02-01T21:36:07-08:00,0,0
global.js,25,js,4068a22f,syw003,2025-02-01,21:36:07,-08:00,2025-02-01T21:36:07-08:00,0,39
global.js,26,js,4068a22f,syw003,2025-02-01,21:36:07,-08:00,2025-02-01T21:36:07-08:00,0,26
global.js,27,js,4068a22f,syw003,2025-02-01,21:36:07,-08:00,2025-02-01T21:36:07-08:00,0,0
global.js,28,js,4068a22f,syw003,2025-02-01,21:36:07,-08:00,2025-02-01T21:36:07-08:00,0,21
global.js,29,js,4068a22f,syw003,2025-02-01,21:36:07,-08:00,2025-02-01T21:36:07-08:00,0,15
global.js,30,js,4068a22f,syw003,2025-02-01,21:36:07,-08:00,2025-02-01T21:36:07-08:00,0,19
global.js,31,js,4068a22f,syw003,2025-02-01,21:36:07,-08:00,2025-02-01T21:36:07-08:00,0,0
global.js,32,js,4068a22f,syw003,2025-02-01,21:36:07,-08:00,2025-02-01T21:36:07-08:00,0,64
global.js,33,js,4068a22f,syw003,2025-02-01,21:36:07,-08:00,2025-02-01T21:36:07-08:00,0,0
global.js,34,js,4068a22f,syw003,2025-02-01,21:36:07,-08:00,2025-02-01T21:36:07-08:00,0,35
global.js,35,js,4068a22f,syw003,2025-02-01,21:36:07,-08:00,2025-02-01T21:36:07-08:00,0,12
global.js,36,js,4068a22f,syw003,2025-02-01,21:36:07,-08:00,2025-02-01T21:36:07-08:00,0,21
global.js,37,js,4068a22f,syw003,2025-02-01,21:36:07,-08:00,2025-02-01T21:36:07-08:00,0,0
global.js,38,js,4068a22f,syw003,2025-02-01,21:36:07,-08:00,2025-02-01T21:36:07-08:00,0,18
global.js,39,js,4068a22f,syw003,2025-02-01,21:36:07,-08:00,2025-02-01T21:36:07-08:00,0,9
global.js,40,js,4068a22f,syw003,2025-02-01,21:36:07,-08:00,2025-02-01T21:36:07-08:00,0,59
global.js,41,js,4068a22f,syw003,2025-02-01,21:36:07,-08:00,2025-02-01T21:36:07-08:00,0,1
global.js,42,js,4068a22f,syw003,2025-02-01,21:36:07,-08:00,2025-02-01T21:36:07-08:00,0,51
global.js,43,js,4068a22f,syw003,2025-02-01,21:36:07,-08:00,2025-02-01T21:36:07-08:00,0,50
global.js,44,js,4068a22f,syw003,2025-02-01,21:36:07,-08:00,2025-02-01T21:36:07-08:00,0,0
global.js,45,js,4068a22f,syw003,2025-02-01,21:36:07,-08:00,2025-02-01T21:36:07-08:00,0,13
global.js,46,js,4068a22f,syw003,2025-02-01,21:36:07,-08:00,2025-02-01T21:36:07-08:00,0,0
global.js,47,js,4068a22f,syw003,2025-02-01,21:36:07,-08:00,2025-02-01T21:36:07-08:00,0,0
global.js,48,js,4068a22f,syw003,2025-02-01,21:36:07,-08:00,2025-02-01T21:36:07-08:00,0,0
global.js,49,js,4068a22f,syw003,2025-02-01,21:36:07,-08:00,2025-02-01T21:36:07-08:00,0,32
global.js,50,js,4068a22f,syw003,2025-02-01,21:36:07,-08:00,2025-02-01T21:36:07-08:00,0,12
global.js,51,js,4068a22f,syw003,2025-02-01,21:36:07,-08:00,2025-02-01T21:36:07-08:00,0,0
global.js,52,js,4068a22f,syw003,2025-02-01,21:36:07,-08:00,2025-02-01T21:36:07-08:00,0,27
global.js,53,js,4068a22f,syw003,2025-02-01,21:36:07,-08:00,2025-02-01T21:36:07-08:00,0,5
global.js,54,js,4068a22f,syw003,2025-02-01,21:36:07,-08:00,2025-02-01T21:36:07-08:00,0,7
global.js,55,js,4068a22f,syw003,2025-02-01,21:36:07,-08:00,2025-02-01T21:36:07-08:00,0,45
global.js,56,js,4068a22f,syw003,2025-02-01,21:36:07,-08:00,2025-02-01T21:36:07-08:00,0,37
global.js,57,js,4068a22f,syw003,2025-02-01,21:36:07,-08:00,2025-02-01T21:36:07-08:00,0,35
global.js,58,js,4068a22f,syw003,2025-02-01,21:36:07,-08:00,2025-02-01T21:36:07-08:00,0,8
global.js,59,js,4068a22f,syw003,2025-02-01,21:36:07,-08:00,2025-02-01T21:36:07-08:00,0,8
global.js,60,js,4068a22f,syw003,2025-02-01,21:36:07,-08:00,2025-02-01T21:36:07-08:00,0,1
global.js,61,js,4068a22f,syw003,2025-02-01,21:36:07,-08:00,2025-02-01T21:36:07-08:00,0,0
global.js,62,js,4068a22f,syw003,2025-02-01,21:36:07,-08:00,2025-02-01T21:36:07-08:00,0,0
global.js,63,js,4068a22f,syw003,2025-02-01,21:36:07,-08:00,2025-02-01T21:36:07-08:00,0,53
global.js,64,js,4068a22f,syw003,2025-02-01,21:36:07,-08:00,2025-02-01T21:36:07-08:00,0,65
global.js,65,js,4068a22f,syw003,2025-02-01,21:36:07,-08:00,2025-02-01T21:36:07-08:00,0,7
global.js,66,js,4068a22f,syw003,2025-02-01,21:36:07,-08:00,2025-02-01T21:36:07-08:00,0,0
global.js,67,js,4068a22f,syw003,2025-02-01,21:36:07,-08:00,2025-02-01T21:36:07-08:00,0,81
global.js,68,js,4068a22f,syw003,2025-02-01,21:36:07,-08:00,2025-02-01T21:36:07-08:00,0,0
global.js,69,js,4068a22f,syw003,2025-02-01,21:36:07,-08:00,2025-02-01T21:36:07-08:00,0,0
global.js,70,js,4068a22f,syw003,2025-02-01,21:36:07,-08:00,2025-02-01T21:36:07-08:00,0,0
global.js,71,js,4068a22f,syw003,2025-02-01,21:36:07,-08:00,2025-02-01T21:36:07-08:00,0,61
global.js,72,js,4068a22f,syw003,2025-02-01,21:36:07,-08:00,2025-02-01T21:36:07-08:00,0,0
global.js,73,js,4068a22f,syw003,2025-02-01,21:36:07,-08:00,2025-02-01T21:36:07-08:00,0,35
global.js,74,js,4068a22f,syw003,2025-02-01,21:36:07,-08:00,2025-02-01T21:36:07-08:00,0,44
global.js,75,js,4068a22f,syw003,2025-02-01,21:36:07,-08:00,2025-02-01T21:36:07-08:00,0,71
global.js,76,js,4068a22f,syw003,2025-02-01,21:36:07,-08:00,2025-02-01T21:36:07-08:00,0,61
global.js,77,js,4068a22f,syw003,2025-02-01,21:36:07,-08:00,2025-02-01T21:36:07-08:00,0,26
global.js,78,js,4068a22f,syw003,2025-02-01,21:36:07,-08:00,2025-02-01T21:36:07-08:00,0,0
global.js,79,js,4068a22f,syw003,2025-02-01,21:36:07,-08:00,2025-02-01T21:36:07-08:00,0,0
global.js,80,js,4068a22f,syw003,2025-02-01,21:36:07,-08:00,2025-02-01T21:36:07-08:00,0,0
global.js,81,js,4068a22f,syw003,2025-02-01,21:36:07,-08:00,2025-02-01T21:36:07-08:00,0,40
global.js,82,js,4068a22f,syw003,2025-02-01,21:36:07,-08:00,2025-02-01T21:36:07-08:00,0,55
global.js,83,js,4068a22f,syw003,2025-02-01,21:36:07,-08:00,2025-02-01T21:36:07-08:00,0,74
global.js,84,js,4068a22f,syw003,2025-02-01,21:36:07,-08:00,2025-02-01T21:36:07-08:00,0,41
global.js,85,js,4068a22f,syw003,2025-02-01,21:36:07,-08:00,2025-02-01T21:36:07-08:00,0,2
global.js,86,js,4068a22f,syw003,2025-02-01,21:36:07,-08:00,2025-02-01T21:36:07-08:00,0,0
global.js,87,js,4068a22f,syw003,2025-02-01,21:36:07,-08:00,2025-02-01T21:36:07-08:00,0,43
global.js,88,js,4068a22f,syw003,2025-02-01,21:36:07,-08:00,2025-02-01T21:36:07-08:00,0,46
global.js,89,js,4068a22f,syw003,2025-02-01,21:36:07,-08:00,2025-02-01T21:36:07-08:00,0,18
global.js,90,js,4068a22f,syw003,2025-02-01,21:36:07,-08:00,2025-02-01T21:36:07-08:00,0,31
global.js,91,js,4068a22f,syw003,2025-02-01,21:36:07,-08:00,2025-02-01T21:36:07-08:00,0,27
global.js,92,js,4068a22f,syw003,2025-02-01,21:36:07,-08:00,2025-02-01T21:36:07-08:00,0,32
global.js,93,js,4068a22f,syw003,2025-02-01,21:36:07,-08:00,2025-02-01T21:36:07-08:00,0,33
global.js,94,js,4068a22f,syw003,2025-02-01,21:36:07,-08:00,2025-02-01T21:36:07-08:00,0,26
global.js,95,js,4068a22f,syw003,2025-02-01,21:36:07,-08:00,2025-02-01T21:36:07-08:00,0,24
global.js,96,js,4068a22f,syw003,2025-02-01,21:36:07,-08:00,2025-02-01T21:36:07-08:00,0,0
global.js,97,js,4068a22f,syw003,2025-02-01,21:36:07,-08:00,2025-02-01T21:36:07-08:00,0,22
global.js,98,js,4068a22f,syw003,2025-02-01,21:36:07,-08:00,2025-02-01T21:36:07-08:00,0,19
global.js,99,js,4068a22f,syw003,2025-02-01,21:36:07,-08:00,2025-02-01T21:36:07-08:00,0,2
global.js,100,js,4068a22f,syw003,2025-02-01,21:36:07,-08:00,2025-02-01T21:36:07-08:00,0,0
global.js,101,js,4068a22f,syw003,2025-02-01,21:36:07,-08:00,2025-02-01T21:36:07-08:00,0,0
global.js,102,js,4068a22f,syw003,2025-02-01,21:36:07,-08:00,2025-02-01T21:36:07-08:00,0,37
global.js,103,js,4068a22f,syw003,2025-02-01,21:36:07,-08:00,2025-02-01T21:36:07-08:00,0,4
global.js,104,js,4068a22f,syw003,2025-02-01,21:36:07,-08:00,2025-02-01T21:36:07-08:00,0,40
global.js,105,js,4068a22f,syw003,2025-02-01,21:36:07,-08:00,2025-02-01T21:36:07-08:00,0,30
global.js,106,js,4068a22f,syw003,2025-02-01,21:36:07,-08:00,2025-02-01T21:36:07-08:00,0,33
global.js,107,js,4068a22f,syw003,2025-02-01,21:36:07,-08:00,2025-02-01T21:36:07-08:00,0,18
global.js,108,js,4068a22f,syw003,2025-02-01,21:36:07,-08:00,2025-02-01T21:36:07-08:00,0,67
global.js,109,js,4068a22f,syw003,2025-02-01,21:36:07,-08:00,2025-02-01T21:36:07-08:00,0,0
global.js,110,js,4068a22f,syw003,2025-02-01,21:36:07,-08:00,2025-02-01T21:36:07-08:00,0,21
global.js,111,js,4068a22f,syw003,2025-02-01,21:36:07,-08:00,2025-02-01T21:36:07-08:00,0,34
global.js,112,js,4068a22f,syw003,2025-02-01,21:36:07,-08:00,2025-02-01T21:36:07-08:00,0,11
global.js,113,js,4068a22f,syw003,2025-02-01,21:36:07,-08:00,2025-02-01T21:36:07-08:00,0,0
global.js,114,js,4068a22f,syw003,2025-02-01,21:36:07,-08:00,2025-02-01T21:36:07-08:00,0,0
global.js,115,js,4068a22f,syw003,2025-02-01,21:36:07,-08:00,2025-02-01T21:36:07-08:00,0,0
global.js,116,js,4068a22f,syw003,2025-02-01,21:36:07,-08:00,2025-02-01T21:36:07-08:00,0,16
global.js,117,js,4068a22f,syw003,2025-02-01,21:36:07,-08:00,2025-02-01T21:36:07-08:00,0,60
global.js,118,js,4068a22f,syw003,2025-02-01,21:36:07,-08:00,2025-02-01T21:36:07-08:00,0,0
global.js,119,js,4068a22f,syw003,2025-02-01,21:36:07,-08:00,2025-02-01T21:36:07-08:00,0,0
global.js,120,js,4068a22f,syw003,2025-02-01,21:36:07,-08:00,2025-02-01T21:36:07-08:00,0,0
global.js,121,js,4068a22f,syw003,2025-02-01,21:36:07,-08:00,2025-02-01T21:36:07-08:00,0,80
global.js,122,js,4068a22f,syw003,2025-02-01,21:36:07,-08:00,2025-02-01T21:36:07-08:00,0,31
global.js,123,js,4068a22f,syw003,2025-02-01,21:36:07,-08:00,2025-02-01T21:36:07-08:00,0,28
global.js,124,js,4068a22f,syw003,2025-02-01,21:36:07,-08:00,2025-02-01T21:36:07-08:00,0,49
global.js,125,js,f6a11e80,syw003,2025-02-08,00:44:32,-07:00,2025-02-08T00:44:32-07:00,0,82
global.js,126,js,4068a22f,syw003,2025-02-01,21:36:07,-08:00,2025-02-01T21:36:07-08:00,0,20
global.js,127,js,4068a22f,syw003,2025-02-01,21:36:07,-08:00,2025-02-01T21:36:07-08:00,0,50
global.js,128,js,4068a22f,syw003,2025-02-01,21:36:07,-08:00,2025-02-01T21:36:07-08:00,0,50
global.js,129,js,f6a11e80,syw003,2025-02-08,00:44:32,-07:00,2025-02-08T00:44:32-07:00,0,27
global.js,130,js,f6a11e80,syw003,2025-02-08,00:44:32,-07:00,2025-02-08T00:44:32-07:00,0,28
global.js,131,js,f6a11e80,syw003,2025-02-08,00:44:32,-07:00,2025-02-08T00:44:32-07:00,0,10
global.js,132,js,f6a11e80,syw003,2025-02-08,00:44:32,-07:00,2025-02-08T00:44:32-07:00,0,5
global.js,133,js,4068a22f,syw003,2025-02-01,21:36:07,-08:00,2025-02-01T21:36:07-08:00,0,1
global.js,134,js,4068a22f,syw003,2025-02-01,21:36:07,-08:00,2025-02-01T21:36:07-08:00,0,37
global.js,135,js,4068a22f,syw003,2025-02-01,21:36:07,-08:00,2025-02-01T21:36:07-08:00,0,1
global.js,136,js,4068a22f,syw003,2025-02-01,21:36:07,-08:00,2025-02-01T21:36:07-08:00,0,63
global.js,137,js,4068a22f,syw003,2025-02-01,21:36:07,-08:00,2025-02-01T21:36:07-08:00,0,19
global.js,138,js,4068a22f,syw003,2025-02-01,21:36:07,-08:00,2025-02-01T21:36:07-08:00,0,57
global.js,139,js,4068a22f,syw003,2025-02-01,21:36:07,-08:00,2025-02-01T21:36:07-08:00,0,0
global.js,140,js,4068a22f,syw003,2025-02-01,21:36:07,-08:00,2025-02-01T21:36:07-08:00,0,0
global.js,141,js,4068a22f,syw003,2025-02-01,21:36:07,-08:00,2025-02-01T21:36:07-08:00,0,0
global.js,142,js,4068a22f,syw003,2025-02-01,21:36:07,-08:00,2025-02-01T21:36:07-08:00,0,0
global.js,143,js,4068a22f,syw003,2025-02-01,21:36:07,-08:00,2025-02-01T21:36:07-08:00,0,48
global.js,144,js,4068a22f,syw003,2025-02-01,21:36:07,-08:00,2025-02-01T21:36:07-08:00,0,23
global.js,145,js,4068a22f,syw003,2025-02-01,21:36:07,-08:00,2025-02-01T21:36:07-08:00,0,60
global.js,146,js,4068a22f,syw003,2025-02-01,21:36:07,-08:00,2025-02-01T21:36:07-08:00,0,0
global.js,147,js,4068a22f,syw003,2025-02-01,21:36:07,-08:00,2025-02-01T21:36:07-08:00,0,0
projects/projects.js,1,js,4068a22f,syw003,2025-02-01,21:36:07,-08:00,2025-02-01T21:36:07-08:00,0,56
projects/projects.js,2,js,4068a22f,syw003,2025-02-01,21:36:07,-08:00,2025-02-01T21:36:07-08:00,0,56
projects/projects.js,3,js,4068a22f,syw003,2025-02-01,21:36:07,-08:00,2025-02-01T21:36:07-08:00,0,61
projects/projects.js,4,js,4068a22f,syw003,2025-02-01,21:36:07,-08:00,2025-02-01T21:36:07-08:00,0,49
projects/projects.js,5,js,f6a11e80,syw003,2025-02-08,00:44:32,-07:00,2025-02-08T00:44:32-07:00,0,64
projects/projects.js,6,js,f6a11e80,syw003,2025-02-08,00:44:32,-07:00,2025-02-08T00:44:32-07:00,0,56
projects/projects.js,7,js,f6a11e80,syw003,2025-02-08,00:44:32,-07:00,2025-02-08T00:44:32-07:00,0,0
projects/projects.js,8,js,f6a11e80,syw003,2025-02-08,00:44:32,-07:00,2025-02-08T00:44:32-07:00,0,22
projects/projects.js,9,js,f6a11e80,syw003,2025-02-08,00:44:32,-07:00,2025-02-08T00:44:32-07:00,0,0
projects/projects.js,10,js,f6a11e80,syw003,2025-02-08,00:44:32,-07:00,2025-02-08T00:44:32-07:00,0,39
projects/projects.js,11,js,f6a11e80,syw003,2025-02-08,00:44:32,-07:00,2025-02-08T00:44:32-07:00,0,0
projects/projects.js,12,js,f6a11e80,syw003,2025-02-08,00:44:32,-07:00,2025-02-08T00:44:32-07:00,0,40
projects/projects.js,13,js,f6a11e80,syw003,2025-02-08,00:44:32,-07:00,2025-02-08T00:44:32-07:00,0,33
projects/projects.js,14,js,f6a11e80,syw003,2025-02-08,00:44:32,-07:00,2025-02-08T00:44:32-07:00,0,45
projects/projects.js,15,js,f6a11e80,syw003,2025-02-08,00:44:32,-07:00,2025-02-08T00:44:32-07:00,0,0
projects/projects.js,16,js,f6a11e80,syw003,2025-02-08,00:44:32,-07:00,2025-02-08T00:44:32-07:00,0,0
projects/projects.js,17,js,f6a11e80,syw003,2025-02-08,00:44:32,-07:00,2025-02-08T00:44:32-07:00,0,30
projects/projects.js,18,js,f6a11e80,syw003,2025-02-08,00:44:32,-07:00,2025-02-08T00:44:32-07:00,0,13
projects/projects.js,19,js,f6a11e80,syw003,2025-02-08,00:44:32,-07:00,2025-02-08T00:44:32-07:00,0,15
projects/projects.js,20,js,f6a11e80,syw003,2025-02-08,00:44:32,-07:00,2025-02-08T00:44:32-07:00,0,12
projects/projects.js,21,js,f6a11e80,syw003,2025-02-08,00:44:32,-07:00,2025-02-08T00:44:32-07:00,0,1
projects/projects.js,22,js,f6a11e80,syw003,2025-02-08,00:44:32,-07:00,2025-02-08T00:44:32-07:00,0,0
projects/projects.js,23,js,f6a11e80,syw003,2025-02-08,00:44:32,-07:00,2025-02-08T00:44:32-07:00,0,0
projects/projects.js,24,js,f6a11e80,syw003,2025-02-08,00:44:32,-07:00,2025-02-08T00:44:32-07:00,0,52
projects/projects.js,25,js,f6a11e80,syw003,2025-02-08,00:44:32,-07:00,2025-02-08T00:44:32-07:00,0,12
projects/projects.js,26,js,f6a11e80,syw003,2025-02-08,00:44:32,-07:00,2025-02-08T00:44:32-07:00,0,11
projects/projects.js,27,js,f6a11e80,syw003,2025-02-08,00:44:32,-07:00,2025-02-08T00:44:32-07:00,0,3
projects/projects.js,28,js,f6a11e80,syw003,2025-02-08,00:44:32,-07:00,2025-02-08T00:44:32-07:00,0,0
projects/projects.js,29,js,f6a11e80,syw003,2025-02-08,00:44:32,-07:00,2025-02-08T00:44:32-07:00,0,54
projects/projects.js,30,js,f6a11e80,syw003,2025-02-08,00:44:32,-07:00,2025-02-08T00:44:32-07:00,0,43
projects/projects.js,31,js,f6a11e80,syw003,2025-02-08,00:44:32,-07:00,2025-02-08T00:44:32-07:00,0,61
projects/projects.js,32,js,f6a11e80,syw003,2025-02-08,00:44:32,-07:00,2025-02-08T00:44:32-07:00,0,48
projects/projects.js,33,js,f6a11e80,syw003,2025-02-08,00:44:32,-07:00,2025-02-08T00:44:32-07:00,0,0
projects/projects.js,34,js,f6a11e80,syw003,2025-02-08,00:44:32,-07:00,2025-02-08T00:44:32-07:00,0,0
projects/projects.js,35,js,f6a11e80,syw003,2025-02-08,00:44:32,-07:00,2025-02-08T00:44:32-07:00,0,5
projects/projects.js,36,js,f6a11e80,syw003,2025-02-08,00:44:32,-07:00,2025-02-08T00:44:32-07:00,0,17
projects/projects.js,37,js,f6a11e80,syw003,2025-02-08,00:44:32,-07:00,2025-02-08T00:44:32-07:00,0,16
projects/projects.js,38,js,f6a11e80,syw003,2025-02-08,00:44:32,-07:00,2025-02-08T00:44:32-07:00,0,7
projects/projects.js,39,js,f6a11e80,syw003,2025-02-08,00:44:32,-07:00,2025-02-08T00:44:32-07:00,0,14
projects/projects.js,40,js,f6a11e80,syw003,2025-02-08,00:44:32,-07:00,2025-02-08T00:44:32-07:00,0,26
projects/projects.js,41,js,f6a11e80,syw003,2025-02-08,00:44:32,-07:00,2025-02-08T00:44:32-07:00,0,34
projects/projects.js,42,js,f6a11e80,syw003,2025-02-08,00:44:32,-07:00,2025-02-08T00:44:32-07:00,0,0
projects/projects.js,43,js,f6a11e80,syw003,2025-02-08,00:44:32,-07:00,2025-02-08T00:44:32-07:00,0,26
projects/projects.js,44,js,f6a11e80,syw003,2025-02-08,00:44:32,-07:00,2025-02-08T00:44:32-07:00,0,30
projects/projects.js,45,js,f6a11e80,syw003,2025-02-08,00:44:32,-07:00,2025-02-08T00:44:32-07:00,0,0
projects/projects.js,46,js,f6a11e80,syw003,2025-02-08,00:44:32,-07:00,2025-02-08T00:44:32-07:00,0,52
projects/projects.js,47,js,f6a11e80,syw003,2025-02-08,00:44:32,-07:00,2025-02-08T00:44:32-07:00,0,25
projects/projects.js,48,js,f6a11e80,syw003,2025-02-08,00:44:32,-07:00,2025-02-08T00:44:32-07:00,0,2
projects/projects.js,49,js,f6a11e80,syw003,2025-02-08,00:44:32,-07:00,2025-02-08T00:44:32-07:00,0,14
projects/projects.js,50,js,f6a11e80,syw003,2025-02-08,00:44:32,-07:00,2025-02-08T00:44:32-07:00,0,14
projects/projects.js,51,js,f6a11e80,syw003,2025-02-08,00:44:32,-07:00,2025-02-08T00:44:32-07:00,0,23
projects/projects.js,52,js,f6a11e80,syw003,2025-02-08,00:44:32,-07:00,2025-02-08T00:44:32-07:00,0,19
projects/projects.js,53,js,f6a11e80,syw003,2025-02-08,00:44:32,-07:00,2025-02-08T00:44:32-07:00,0,44
projects/projects.js,54,js,f6a11e80,syw003,2025-02-08,00:44:32,-07:00,2025-02-08T00:44:32-07:00,0,0
projects/projects.js,55,js,f6a11e80,syw003,2025-02-08,00:44:32,-07:00,2025-02-08T00:44:32-07:00,0,26
projects/projects.js,56,js,f6a11e80,syw003,2025-02-08,00:44:32,-07:00,2025-02-08T00:44:32-07:00,0,54
projects/projects.js,57,js,f6a11e80,syw003,2025-02-08,00:44:32,-07:00,2025-02-08T00:44:32-07:00,0,7
projects/projects.js,58,js,f6a11e80,syw003,2025-02-08,00:44:32,-07:00,2025-02-08T00:44:32-07:00,0,47
projects/projects.js,59,js,f6a11e80,syw003,2025-02-08,00:44:32,-07:00,2025-02-08T00:44:32-07:00,0,43
projects/projects.js,60,js,f6a11e80,syw003,2025-02-08,00:44:32,-07:00,2025-02-08T00:44:32-07:00,0,41
projects/projects.js,61,js,f6a11e80,syw003,2025-02-08,00:44:32,-07:00,2025-02-08T00:44:32-07:00,0,1
projects/projects.js,62,js,f6a11e80,syw003,2025-02-08,00:44:32,-07:00,2025-02-08T00:44:32-07:00,0,57
projects/projects.js,63,js,f6a11e80,syw003,2025-02-08,00:44:32,-07:00,2025-02-08T00:44:32-07:00,0,0
projects/projects.js,64,js,f6a11e80,syw003,2025-02-08,00:44:32,-07:00,2025-02-08T00:44:32-07:00,0,0
projects/projects.js,65,js,f6a11e80,syw003,2025-02-08,00:44:32,-07:00,2025-02-08T00:44:32-07:00,0,46
projects/projects.js,66,js,f6a11e80,syw003,2025-02-08,00:44:32,-07:00,2025-02-08T00:44:32-07:00,0,38
projects/projects.js,67,js,f6a11e80,syw003,2025-02-08,00:44:32,-07:00,2025-02-08T00:44:32-07:00,0,1
projects/projects.js,68,js,f6a11e80,syw003,2025-02-08,00:44:32,-07:00,2025-02-08T00:44:32-07:00,0,2
projects/projects.js,69,js,f6a11e80,syw003,2025-02-08,00:44:32,-07:00,2025-02-08T00:44:32-07:00,0,2
projects/projects.js,70,js,f6a11e80,syw003,2025-02-08,00:44:32,-07:00,2025-02-08T00:44:32-07:00,0,0
projects/projects.js,71,js,f6a11e80,syw003,2025-02-08,00:44:32,-07:00,2025-02-08T00:44:32-07:00,0,0
projects/projects.js,72,js,f6a11e80,syw003,2025-02-08,00:44:32,-07:00,2025-02-08T00:44:32-07:00,0,33
projects/projects.js,73,js,f6a11e80,syw003,2025-02-08,00:44:32,-07:00,2025-02-08T00:44:32-07:00,0,31
projects/projects.js,74,js,f6a11e80,syw003,2025-02-08,00:44:32,-07:00,2025-02-08T00:44:32-07:00,0,0
projects/projects.js,75,js,f6a11e80,syw003,2025-02-08,00:44:32,-07:00,2025-02-08T00:44:32-07:00,0,0
projects/projects.js,76,js,f6a11e80,syw003,2025-02-08,00:44:32,-07:00,2025-02-08T00:44:32-07:00,0,0
projects/projects.js,77,js,f6a11e80,syw003,2025-02-08,00:44:32,-07:00,2025-02-08T00:44:32-07:00,0,28
projects/projects.js,78,js,f6a11e80,syw003,2025-02-08,00:44:32,-07:00,2025-02-08T00:44:32-07:00,0,5
projects/projects.js,79,js,f6a11e80,syw003,2025-02-08,00:44:32,-07:00,2025-02-08T00:44:32-07:00,0,12
projects/projects.js,80,js,f6a11e80,syw003,2025-02-08,00:44:32,-07:00,2025-02-08T00:44:32-07:00,0,39
projects/projects.js,81,js,f6a11e80,syw003,2025-02-08,00:44:32,-07:00,2025-02-08T00:44:32-07:00,0,28
projects/projects.js,82,js,f6a11e80,syw003,2025-02-08,00:44:32,-07:00,2025-02-08T00:44:32-07:00,0,69
projects/projects.js,83,js,f6a11e80,syw003,2025-02-08,00:44:32,-07:00,2025-02-08T00:44:32-07:00,0,19
projects/projects.js,84,js,f6a11e80,syw003,2025-02-08,00:44:32,-07:00,2025-02-08T00:44:32-07:00,0,48
projects/projects.js,85,js,f6a11e80,syw003,2025-02-08,00:44:32,-07:00,2025-02-08T00:44:32-07:00,0,0
projects/projects.js,86,js,f6a11e80,syw003,2025-02-08,00:44:32,-07:00,2025-02-08T00:44:32-07:00,0,26
projects/projects.js,87,js,f6a11e80,syw003,2025-02-08,00:44:32,-07:00,2025-02-08T00:44:32-07:00,0,54
projects/projects.js,88,js,f6a11e80,syw003,2025-02-08,00:44:32,-07:00,2025-02-08T00:44:32-07:00,0,7
projects/projects.js,89,js,f6a11e80,syw003,2025-02-08,00:44:32,-07:00,2025-02-08T00:44:32-07:00,0,47
projects/projects.js,90,js,f6a11e80,syw003,2025-02-08,00:44:32,-07:00,2025-02-08T00:44:32-07:00,0,43
projects/projects.js,91,js,f6a11e80,syw003,2025-02-08,00:44:32,-07:00,2025-02-08T00:44:32-07:00,0,41
projects/projects.js,92,js,f6a11e80,syw003,2025-02-08,00:44:32,-07:00,2025-02-08T00:44:32-07:00,0,1
projects/projects.js,93,js,f6a11e80,syw003,2025-02-08,00:44:32,-07:00,2025-02-08T00:44:32-07:00,0,57
projects/projects.js,94,js,f6a11e80,syw003,2025-02-08,00:44:32,-07:00,2025-02-08T00:44:32-07:00,0,0
projects/projects.js,95,js,f6a11e80,syw003,2025-02-08,00:44:32,-07:00,2025-02-08T00:44:32-07:00,0,0
projects/projects.js,96,js,f6a11e80,syw003,2025-02-08,00:44:32,-07:00,2025-02-08T00:44:32-07:00,0,44
projects/projects.js,97,js,f6a11e80,syw003,2025-02-08,00:44:32,-07:00,2025-02-08T00:44:32-07:00,0,36
projects/projects.js,98,js,f6a11e80,syw003,2025-02-08,00:44:32,-07:00,2025-02-08T00:44:32-07:00,0,1
projects/projects.js,99,js,f6a11e80,syw003,2025-02-08,00:44:32,-07:00,2025-02-08T00:44:32-07:00,0,0
projects/projects.js,100,js,f6a11e80,syw003,2025-02-08,00:44:32,-07:00,2025-02-08T00:44:32-07:00,0,45
projects/projects.js,101,js,f6a11e80,syw003,2025-02-08,00:44:32,-07:00,2025-02-08T00:44:32-07:00,0,36
projects/projects.js,102,js,f6a11e80,syw003,2025-02-08,00:44:32,-07:00,2025-02-08T00:44:32-07:00,0,1
projects/projects.js,103,js,f6a11e80,syw003,2025-02-08,00:44:32,-07:00,2025-02-08T00:44:32-07:00,0,2
projects/projects.js,104,js,f6a11e80,syw003,2025-02-08,00:44:32,-07:00,2025-02-08T00:44:32-07:00,0,2
projects/projects.js,105,js,f6a11e80,syw003,2025-02-08,00:44:32,-07:00,2025-02-08T00:44:32-07:00,0,0
projects/projects.js,106,js,f6a11e80,syw003,2025-02-08,00:44:32,-07:00,2025-02-08T00:44:32-07:00,0,0
projects/projects.js,107,js,f6a11e80,syw003,2025-02-08,00:44:32,-07:00,2025-02-08T00:44:32-07:00,0,24
projects/projects.js,108,js,f6a11e80,syw003,2025-02-08,00:44:32,-07:00,2025-02-08T00:44:32-07:00,0,0
projects/projects.js,109,js,f6a11e80,syw003,2025-02-08,00:44:32,-07:00,2025-02-08T00:44:32-07:00,0,0
projects/projects.js,110,js,f6a11e80,syw003,2025-02-08,00:44:32,-07:00,2025-02-08T00:44:32-07:00,0,49
projects/projects.js,111,js,f6a11e80,syw003,2025-02-08,00:44:32,-07:00,2025-02-08T00:44:32-07:00,0,44
projects/projects.js,112,js,f6a11e80,syw003,2025-02-08,00:44:32,-07:00,2025-02-08T00:44:32-07:00,0,0
projects/projects.js,113,js,f6a11e80,syw003,2025-02-08,00:44:32,-07:00,2025-02-08T00:44:32-07:00,0,0
projects/projects.js,114,js,f6a11e80,syw003,2025-02-08,00:44:32,-07:00,2025-02-08T00:44:32-07:00,0,56
projects/projects.js,115,js,f6a11e80,syw003,2025-02-08,00:44:32,-07:00,2025-02-08T00:44:32-07:00,0,60
projects/projects.js,116,js,f6a11e80,syw003,2025-02-08,00:44:32,-07:00,2025-02-08T00:44:32-07:00,0,29
projects/projects.js,117,js,f6a11e80,syw003,2025-02-08,00:44:32,-07:00,2025-02-08T00:44:32-07:00,0,2
projects/projects.js,118,js,f6a11e80,syw003,2025-02-08,00:44:32,-07:00,2025-02-08T00:44:32-07:00,0,0
projects/projects.js,119,js,f6a11e80,syw003,2025-02-08,00:44:32,-07:00,2025-02-08T00:44:32-07:00,0,0
projects/projects.js,120,js,f6a11e80,syw003,2025-02-08,00:44:32,-07:00,2025-02-08T00:44:32-07:00,0,57
projects/projects.js,121,js,f6a11e80,syw003,2025-02-08,00:44:32,-07:00,2025-02-08T00:44:32-07:00,0,32
projects/projects.js,122,js,f6a11e80,syw003,2025-02-08,00:44:32,-07:00,2025-02-08T00:44:32-07:00,0,2
projects/projects.js,123,js,f6a11e80,syw003,2025-02-08,00:44:32,-07:00,2025-02-08T00:44:32-07:00,0,0
projects/projects.js,124,js,f6a11e80,syw003,2025-02-08,00:44:32,-07:00,2025-02-08T00:44:32-07:00,0,0
projects/projects.js,125,js,f6a11e80,syw003,2025-02-08,00:44:32,-07:00,2025-02-08T00:44:32-07:00,0,48
projects/projects.js,126,js,f6a11e80,syw003,2025-02-08,00:44:32,-07:00,2025-02-08T00:44:32-07:00,0,43
projects/projects.js,127,js,f6a11e80,syw003,2025-02-08,00:44:32,-07:00,2025-02-08T00:44:32-07:00,0,7
projects/projects.js,128,js,f6a11e80,syw003,2025-02-08,00:44:32,-07:00,2025-02-08T00:44:32-07:00,0,0
projects/projects.js,129,js,f6a11e80,syw003,2025-02-08,00:44:32,-07:00,2025-02-08T00:44:32-07:00,0,54
projects/projects.js,130,js,f6a11e80,syw003,2025-02-08,00:44:32,-07:00,2025-02-08T00:44:32-07:00,0,37
projects/projects.js,131,js,f6a11e80,syw003,2025-02-08,00:44:32,-07:00,2025-02-08T00:44:32-07:00,0,0
projects/projects.js,132,js,f6a11e80,syw003,2025-02-08,00:44:32,-07:00,2025-02-08T00:44:32-07:00,0,16
projects/projects.js,133,js,f6a11e80,syw003,2025-02-08,00:44:32,-07:00,2025-02-08T00:44:32-07:00,0,23
projects/projects.js,134,js,f6a11e80,syw003,2025-02-08,00:44:32,-07:00,2025-02-08T00:44:32-07:00,0,17
projects/projects.js,135,js,f6a11e80,syw003,2025-02-08,00:44:32,-07:00,2025-02-08T00:44:32-07:00,0,5
projects/projects.js,136,js,f6a11e80,syw003,2025-02-08,00:44:32,-07:00,2025-02-08T00:44:32-07:00,0,16
projects/projects.js,137,js,f6a11e80,syw003,2025-02-08,00:44:32,-07:00,2025-02-08T00:44:32-07:00,0,22
projects/projects.js,138,js,f6a11e80,syw003,2025-02-08,00:44:32,-07:00,2025-02-08T00:44:32-07:00,0,0
projects/projects.js,139,js,f6a11e80,syw003,2025-02-08,00:44:32,-07:00,2025-02-08T00:44:32-07:00,0,23
projects/projects.js,140,js,f6a11e80,syw003,2025-02-08,00:44:32,-07:00,2025-02-08T00:44:32-07:00,0,55
projects/projects.js,141,js,f6a11e80,syw003,2025-02-08,00:44:32,-07:00,2025-02-08T00:44:32-07:00,0,52
projects/projects.js,142,js,f6a11e80,syw003,2025-02-08,00:44:32,-07:00,2025-02-08T00:44:32-07:00,0,23
projects/projects.js,143,js,f6a11e80,syw003,2025-02-08,00:44:32,-07:00,2025-02-08T00:44:32-07:00,0,5
projects/projects.js,144,js,f6a11e80,syw003,2025-02-08,00:44:32,-07:00,2025-02-08T00:44:32-07:00,0,0
projects/projects.js,145,js,f6a11e80,syw003,2025-02-08,00:44:32,-07:00,2025-02-08T00:44:32-07:00,0,0
projects/projects.js,146,js,f6a11e80,syw003,2025-02-08,00:44:32,-07:00,2025-02-08T00:44:32-07:00,0,32
projects/projects.js,147,js,f6a11e80,syw003,2025-02-08,00:44:32,-07:00,2025-02-08T00:44:32-07:00,0,37
projects/projects.js,148,js,f6a11e80,syw003,2025-02-08,00:44:32,-07:00,2025-02-08T00:44:32-07:00,0,0
projects/projects.js,149,js,f6a11e80,syw003,2025-02-08,00:44:32,-07:00,2025-02-08T00:44:32-07:00,0,0
projects/projects.js,150,js,f6a11e80,syw003,2025-02-08,00:44:32,-07:00,2025-02-08T00:44:32-07:00,0,0
projects/projects.js,151,js,f6a11e80,syw003,2025-02-08,00:44:32,-07:00,2025-02-08T00:44:32-07:00,0,0
projects/projects.js,152,js,f6a11e80,syw003,2025-02-08,00:44:32,-07:00,2025-02-08T00:44:32-07:00,0,29
projects/projects.js,153,js,f6a11e80,syw003,2025-02-08,00:44:32,-07:00,2025-02-08T00:44:32-07:00,0,19
projects/projects.js,154,js,f6a11e80,syw003,2025-02-08,00:44:32,-07:00,2025-02-08T00:44:32-07:00,0,21
projects/projects.js,155,js,f6a11e80,syw003,2025-02-08,00:44:32,-07:00,2025-02-08T00:44:32-07:00,0,0
projects/projects.js,156,js,f6a11e80,syw003,2025-02-08,00:44:32,-07:00,2025-02-08T00:44:32-07:00,0,49
projects/projects.js,157,js,f6a11e80,syw003,2025-02-08,00:44:32,-07:00,2025-02-08T00:44:32-07:00,0,0
projects/projects.js,158,js,f6a11e80,syw003,2025-02-08,00:44:32,-07:00,2025-02-08T00:44:32-07:00,0,0
projects/projects.js,159,js,f6a11e80,syw003,2025-02-08,00:44:32,-07:00,2025-02-08T00:44:32-07:00,0,34
projects/projects.js,160,js,f6a11e80,syw003,2025-02-08,00:44:32,-07:00,2025-02-08T00:44:32-07:00,0,51
projects/projects.js,161,js,f6a11e80,syw003,2025-02-08,00:44:32,-07:00,2025-02-08T00:44:32-07:00,0,0
projects/projects.js,162,js,f6a11e80,syw003,2025-02-08,00:44:32,-07:00,2025-02-08T00:44:32-07:00,0,0
projects/projects.js,163,js,f6a11e80,syw003,2025-02-08,00:44:32,-07:00,2025-02-08T00:44:32-07:00,0,0
projects/projects.js,164,js,f6a11e80,syw003,2025-02-08,00:44:32,-07:00,2025-02-08T00:44:32-07:00,0,0
projects/projects.js,165,js,f6a11e80,syw003,2025-02-08,00:44:32,-07:00,2025-02-08T00:44:32-07:00,0,32
projects/projects.js,166,js,f6a11e80,syw003,2025-02-08,00:44:32,-07:00,2025-02-08T00:44:32-07:00,0,22
projects/projects.js,167,js,f6a11e80,syw003,2025-02-08,00:44:32,-07:00,2025-02-08T00:44:32-07:00,0,21
projects/projects.js,168,js,f6a11e80,syw003,2025-02-08,00:44:32,-07:00,2025-02-08T00:44:32-07:00,0,21
projects/projects.js,169,js,f6a11e80,syw003,2025-02-08,00:44:32,-07:00,2025-02-08T00:44:32-07:00,0,35
projects/projects.js,170,js,f6a11e80,syw003,2025-02-08,00:44:32,-07:00,2025-02-08T00:44:32-07:00,0,6
projects/projects.js,171,js,f6a11e80,syw003,2025-02-08,00:44:32,-07:00,2025-02-08T00:44:32-07:00,0,0
projects/projects.js,172,js,f6a11e80,syw003,2025-02-08,00:44:32,-07:00,2025-02-08T00:44:32-07:00,0,0
projects/projects.js,173,js,f6a11e80,syw003,2025-02-08,00:44:32,-07:00,2025-02-08T00:44:32-07:00,0,36
projects/projects.js,174,js,f6a11e80,syw003,2025-02-08,00:44:32,-07:00,2025-02-08T00:44:32-07:00,0,28
projects/projects.js,175,js,f6a11e80,syw003,2025-02-08,00:44:32,-07:00,2025-02-08T00:44:32-07:00,0,25
projects/projects.js,176,js,f6a11e80,syw003,2025-02-08,00:44:32,-07:00,2025-02-08T00:44:32-07:00,0,107
projects/projects.js,177,js,f6a11e80,syw003,2025-02-08,00:44:32,-07:00,2025-02-08T00:44:32-07:00,0,41
projects/projects.js,178,js,f6a11e80,syw003,2025-02-08,00:44:32,-07:00,2025-02-08T00:44:32-07:00,0,113
projects/projects.js,179,js,f6a11e80,syw003,2025-02-08,00:44:32,-07:00,2025-02-08T00:44:32-07:00,0,4
projects/projects.js,180,js,f6a11e80,syw003,2025-02-08,00:44:32,-07:00,2025-02-08T00:44:32-07:00,0,0
projects/projects.js,181,js,f6a11e80,syw003,2025-02-08,00:44:32,-07:00,2025-02-08T00:44:32-07:00,0,17
projects/projects.js,182,js,f6a11e80,syw003,2025-02-08,00:44:32,-07:00,2025-02-08T00:44:32-07:00,0,57
projects/projects.js,183,js,f6a11e80,syw003,2025-02-08,00:44:32,-07:00,2025-02-08T00:44:32-07:00,0,0
projects/projects.js,184,js,f6a11e80,syw003,2025-02-08,00:44:32,-07:00,2025-02-08T00:44:32-07:00,0,0
projects/index.html,1,html,4068a22f,syw003,2025-02-01,21:36:07,-08:00,2025-02-01T21:36:07-08:00,0,14
projects/index.html,2,html,4068a22f,syw003,2025-02-01,21:36:07,-08:00,2025-02-01T21:36:07-08:00,0,15
projects/index.html,3,html,4068a22f,syw003,2025-02-01,21:36:07,-08:00,2025-02-01T21:36:07-08:00,0,5
projects/index.html,4,html,4068a22f,syw003,2025-02-01,21:36:07,-08:00,2025-02-01T21:36:07-08:00,0,21
projects/index.html,5,html,4068a22f,syw003,2025-02-01,21:36:07,-08:00,2025-02-01T21:36:07-08:00,0,69
projects/index.html,6,html,4068a22f,syw003,2025-02-01,21:36:07,-08:00,2025-02-01T21:36:07-08:00,0,22
projects/index.html,7,html,4068a22f,syw003,2025-02-01,21:36:07,-08:00,2025-02-01T21:36:07-08:00,0,42
projects/index.html,8,html,4068a22f,syw003,2025-02-01,21:36:07,-08:00,2025-02-01T21:36:07-08:00,0,49
projects/index.html,9,html,4068a22f,syw003,2025-02-01,21:36:07,-08:00,2025-02-01T21:36:07-08:00,0,58
projects/index.html,10,html,4068a22f,syw003,2025-02-01,21:36:07,-08:00,2025-02-01T21:36:07-08:00,0,48
projects/index.html,11,html,4068a22f,syw003,2025-02-01,21:36:07,-08:00,2025-02-01T21:36:07-08:00,0,0
projects/index.html,12,html,4068a22f,syw003,2025-02-01,21:36:07,-08:00,2025-02-01T21:36:07-08:00,0,6
projects/index.html,13,html,4068a22f,syw003,2025-02-01,21:36:07,-08:00,2025-02-01T21:36:07-08:00,0,5
projects/index.html,14,html,4068a22f,syw003,2025-02-01,21:36:07,-08:00,2025-02-01T21:36:07-08:00,0,42
projects/index.html,15,html,f6a11e80,syw003,2025-02-08,00:44:32,-07:00,2025-02-08T00:44:32-07:00,0,0
projects/index.html,16,html,f6a11e80,syw003,2025-02-08,00:44:32,-07:00,2025-02-08T00:44:32-07:00,0,22
projects/index.html,17,html,f6a11e80,syw003,2025-02-08,00:44:32,-07:00,2025-02-08T00:44:32-07:00,0,55
projects/index.html,18,html,f6a11e80,syw003,2025-02-08,00:44:32,-07:00,2025-02-08T00:44:32-07:00,0,23
projects/index.html,19,html,f6a11e80,syw003,2025-02-08,00:44:32,-07:00,2025-02-08T00:44:32-07:00,0,5
projects/index.html,20,html,ed98c9dc,syw003,2025-02-15,16:20:07,-08:00,2025-02-15T16:20:07-08:00,0,0
projects/index.html,21,html,f6a11e80,syw003,2025-02-08,00:44:32,-07:00,2025-02-08T00:44:32-07:00,0,5
projects/index.html,22,html,f6a11e80,syw003,2025-02-08,00:44:32,-07:00,2025-02-08T00:44:32-07:00,0,16
projects/index.html,23,html,f6a11e80,syw003,2025-02-08,00:44:32,-07:00,2025-02-08T00:44:32-07:00,0,12
projects/index.html,24,html,f6a11e80,syw003,2025-02-08,00:44:32,-07:00,2025-02-08T00:44:32-07:00,0,27
projects/index.html,25,html,f6a11e80,syw003,2025-02-08,00:44:32,-07:00,2025-02-08T00:44:32-07:00,0,32
projects/index.html,26,html,f6a11e80,syw003,2025-02-08,00:44:32,-07:00,2025-02-08T00:44:32-07:00,0,1
projects/index.html,27,html,4068a22f,syw003,2025-02-01,21:36:07,-08:00,2025-02-01T21:36:07-08:00,0,21
projects/index.html,28,html,4068a22f,syw003,2025-02-01,21:36:07,-08:00,2025-02-01T21:36:07-08:00,0,13
projects/index.html,29,html,4068a22f,syw003,2025-02-01,21:36:07,-08:00,2025-02-01T21:36:07-08:00,0,30
projects/index.html,30,html,4068a22f,syw003,2025-02-01,21:36:07,-08:00,2025-02-01T21:36:07-08:00,0,71
projects/index.html,31,html,4068a22f,syw003,2025-02-01,21:36:07,-08:00,2025-02-01T21:36:07-08:00,0,243
projects/index.html,32,html,4068a22f,syw003,2025-02-01,21:36:07,-08:00,2025-02-01T21:36:07-08:00,0,9
projects/index.html,33,html,4068a22f,syw003,2025-02-01,21:36:07,-08:00,2025-02-01T21:36:07-08:00,0,8
projects/index.html,34,html,4068a22f,syw003,2025-02-01,21:36:07,-08:00,2025-02-01T21:36:07-08:00,0,39
projects/index.html,35,html,4068a22f,syw003,2025-02-01,21:36:07,-08:00,2025-02-01T21:36:07-08:00,0,71
projects/index.html,36,html,4068a22f,syw003,2025-02-01,21:36:07,-08:00,2025-02-01T21:36:07-08:00,0,224
projects/index.html,37,html,4068a22f,syw003,2025-02-01,21:36:07,-08:00,2025-02-01T21:36:07-08:00,0,9
projects/index.html,38,html,4068a22f,syw003,2025-02-01,21:36:07,-08:00,2025-02-01T21:36:07-08:00,0,8
projects/index.html,39,html,4068a22f,syw003,2025-02-01,21:36:07,-08:00,2025-02-01T21:36:07-08:00,0,47
projects/index.html,40,html,4068a22f,syw003,2025-02-01,21:36:07,-08:00,2025-02-01T21:36:07-08:00,0,71
projects/index.html,41,html,4068a22f,syw003,2025-02-01,21:36:07,-08:00,2025-02-01T21:36:07-08:00,0,272
projects/index.html,42,html,4068a22f,syw003,2025-02-01,21:36:07,-08:00,2025-02-01T21:36:07-08:00,0,9
projects/index.html,43,html,4068a22f,syw003,2025-02-01,21:36:07,-08:00,2025-02-01T21:36:07-08:00,0,8
projects/index.html,44,html,4068a22f,syw003,2025-02-01,21:36:07,-08:00,2025-02-01T21:36:07-08:00,0,40
projects/index.html,45,html,4068a22f,syw003,2025-02-01,21:36:07,-08:00,2025-02-01T21:36:07-08:00,0,71
projects/index.html,46,html,4068a22f,syw003,2025-02-01,21:36:07,-08:00,2025-02-01T21:36:07-08:00,0,224
projects/index.html,47,html,4068a22f,syw003,2025-02-01,21:36:07,-08:00,2025-02-01T21:36:07-08:00,0,9
projects/index.html,48,html,4068a22f,syw003,2025-02-01,21:36:07,-08:00,2025-02-01T21:36:07-08:00,0,8
projects/index.html,49,html,4068a22f,syw003,2025-02-01,21:36:07,-08:00,2025-02-01T21:36:07-08:00,0,37
projects/index.html,50,html,4068a22f,syw003,2025-02-01,21:36:07,-08:00,2025-02-01T21:36:07-08:00,0,71
projects/index.html,51,html,4068a22f,syw003,2025-02-01,21:36:07,-08:00,2025-02-01T21:36:07-08:00,0,247
projects/index.html,52,html,4068a22f,syw003,2025-02-01,21:36:07,-08:00,2025-02-01T21:36:07-08:00,0,9
projects/index.html,53,html,4068a22f,syw003,2025-02-01,21:36:07,-08:00,2025-02-01T21:36:07-08:00,0,8
projects/index.html,54,html,4068a22f,syw003,2025-02-01,21:36:07,-08:00,2025-02-01T21:36:07-08:00,0,43
projects/index.html,55,html,4068a22f,syw003,2025-02-01,21:36:07,-08:00,2025-02-01T21:36:07-08:00,0,71
projects/index.html,56,html,4068a22f,syw003,2025-02-01,21:36:07,-08:00,2025-02-01T21:36:07-08:00,0,233
projects/index.html,57,html,4068a22f,syw003,2025-02-01,21:36:07,-08:00,2025-02-01T21:36:07-08:00,0,9
projects/index.html,58,html,4068a22f,syw003,2025-02-01,21:36:07,-08:00,2025-02-01T21:36:07-08:00,0,8
projects/index.html,59,html,4068a22f,syw003,2025-02-01,21:36:07,-08:00,2025-02-01T21:36:07-08:00,0,37
projects/index.html,60,html,4068a22f,syw003,2025-02-01,21:36:07,-08:00,2025-02-01T21:36:07-08:00,0,71
projects/index.html,61,html,4068a22f,syw003,2025-02-01,21:36:07,-08:00,2025-02-01T21:36:07-08:00,0,206
projects/index.html,62,html,4068a22f,syw003,2025-02-01,21:36:07,-08:00,2025-02-01T21:36:07-08:00,0,9
projects/index.html,63,html,4068a22f,syw003,2025-02-01,21:36:07,-08:00,2025-02-01T21:36:07-08:00,0,8
projects/index.html,64,html,4068a22f,syw003,2025-02-01,21:36:07,-08:00,2025-02-01T21:36:07-08:00,0,46
projects/index.html,65,html,4068a22f,syw003,2025-02-01,21:36:07,-08:00,2025-02-01T21:36:07-08:00,0,71
projects/index.html,66,html,4068a22f,syw003,2025-02-01,21:36:07,-08:00,2025-02-01T21:36:07-08:00,0,225
projects/index.html,67,html,4068a22f,syw003,2025-02-01,21:36:07,-08:00,2025-02-01T21:36:07-08:00,0,9
projects/index.html,68,html,4068a22f,syw003,2025-02-01,21:36:07,-08:00,2025-02-01T21:36:07-08:00,0,8
projects/index.html,69,html,4068a22f,syw003,2025-02-01,21:36:07,-08:00,2025-02-01T21:36:07-08:00,0,34
projects/index.html,70,html,4068a22f,syw003,2025-02-01,21:36:07,-08:00,2025-02-01T21:36:07-08:00,0,71
projects/index.html,71,html,4068a22f,syw003,2025-02-01,21:36:07,-08:00,2025-02-01T21:36:07-08:00,0,234
projects/index.html,72,html,4068a22f,syw003,2025-02-01,21:36:07,-08:00,2025-02-01T21:36:07-08:00,0,9
projects/index.html,73,html,4068a22f,syw003,2025-02-01,21:36:07,-08:00,2025-02-01T21:36:07-08:00,0,8
projects/index.html,74,html,4068a22f,syw003,2025-02-01,21:36:07,-08:00,2025-02-01T21:36:07-08:00,0,35
projects/index.html,75,html,4068a22f,syw003,2025-02-01,21:36:07,-08:00,2025-02-01T21:36:07-08:00,0,71
projects/index.html,76,html,4068a22f,syw003,2025-02-01,21:36:07,-08:00,2025-02-01T21:36:07-08:00,0,239
projects/index.html,77,html,4068a22f,syw003,2025-02-01,21:36:07,-08:00,2025-02-01T21:36:07-08:00,0,9
projects/index.html,78,html,4068a22f,syw003,2025-02-01,21:36:07,-08:00,2025-02-01T21:36:07-08:00,0,8
projects/index.html,79,html,4068a22f,syw003,2025-02-01,21:36:07,-08:00,2025-02-01T21:36:07-08:00,0,34
projects/index.html,80,html,4068a22f,syw003,2025-02-01,21:36:07,-08:00,2025-02-01T21:36:07-08:00,0,71
projects/index.html,81,html,4068a22f,syw003,2025-02-01,21:36:07,-08:00,2025-02-01T21:36:07-08:00,0,215
projects/index.html,82,html,4068a22f,syw003,2025-02-01,21:36:07,-08:00,2025-02-01T21:36:07-08:00,0,9
projects/index.html,83,html,4068a22f,syw003,2025-02-01,21:36:07,-08:00,2025-02-01T21:36:07-08:00,0,8
projects/index.html,84,html,4068a22f,syw003,2025-02-01,21:36:07,-08:00,2025-02-01T21:36:07-08:00,0,22
projects/index.html,85,html,4068a22f,syw003,2025-02-01,21:36:07,-08:00,2025-02-01T21:36:07-08:00,0,71
projects/index.html,86,html,4068a22f,syw003,2025-02-01,21:36:07,-08:00,2025-02-01T21:36:07-08:00,0,209
projects/index.html,87,html,4068a22f,syw003,2025-02-01,21:36:07,-08:00,2025-02-01T21:36:07-08:00,0,13
projects/index.html,88,html,4068a22f,syw003,2025-02-01,21:36:07,-08:00,2025-02-01T21:36:07-08:00,0,5
projects/index.html,89,html,4068a22f,syw003,2025-02-01,21:36:07,-08:00,2025-02-01T21:36:07-08:00,0,0
projects/index.html,90,html,4068a22f,syw003,2025-02-01,21:36:07,-08:00,2025-02-01T21:36:07-08:00,0,6
projects/index.html,91,html,4068a22f,syw003,2025-02-01,21:36:07,-08:00,2025-02-01T21:36:07-08:00,0,0
projects/index.html,92,html,4068a22f,syw003,2025-02-01,21:36:07,-08:00,2025-02-01T21:36:07-08:00,0,22
projects/index.html,93,html,4068a22f,syw003,2025-02-01,21:36:07,-08:00,2025-02-01T21:36:07-08:00,0,3
projects/index.html,94,html,4068a22f,syw003,2025-02-01,21:36:07,-08:00,2025-02-01T21:36:07-08:00,0,42
projects/index.html,95,html,4068a22f,syw003,2025-02-01,21:36:07,-08:00,2025-02-01T21:36:07-08:00,0,42
projects/index.html,96,html,4068a22f,syw003,2025-02-01,21:36:07,-08:00,2025-02-01T21:36:07-08:00,0,53
projects/index.html,97,html,4068a22f,syw003,2025-02-01,21:36:07,-08:00,2025-02-01T21:36:07-08:00,0,43
projects/index.html,98,html,4068a22f,syw003,2025-02-01,21:36:07,-08:00,2025-02-01T21:36:07-08:00,0,71
projects/index.html,99,html,4068a22f,syw003,2025-02-01,21:36:07,-08:00,2025-02-01T21:36:07-08:00,0,4
projects/index.html,100,html,4068a22f,syw003,2025-02-01,21:36:07,-08:00,2025-02-01T21:36:07-08:00,0,0
projects/index.html,101,html,4068a22f,syw003,2025-02-01,21:36:07,-08:00,2025-02-01T21:36:07-08:00,0,9
projects/index.html,102,html,4068a22f,syw003,2025-02-01,21:36:07,-08:00,2025-02-01T21:36:07-08:00,0,0
projects/index.html,103,html,4068a22f,syw003,2025-02-01,21:36:07,-08:00,2025-02-01T21:36:07-08:00,0,6
meta/index.html,1,html,ed98c9dc,syw003,2025-02-15,16:20:07,-08:00,2025-02-15T16:20:07-08:00,0,14
meta/index.html,2,html,ed98c9dc,syw003,2025-02-15,16:20:07,-08:00,2025-02-15T16:20:07-08:00,0,15
meta/index.html,3,html,ed98c9dc,syw003,2025-02-15,16:20:07,-08:00,2025-02-15T16:20:07-08:00,0,5
meta/index.html,4,html,ed98c9dc,syw003,2025-02-15,16:20:07,-08:00,2025-02-15T16:20:07-08:00,0,21
meta/index.html,5,html,ed98c9dc,syw003,2025-02-15,16:20:07,-08:00,2025-02-15T16:20:07-08:00,0,69
meta/index.html,6,html,ed98c9dc,syw003,2025-02-15,16:20:07,-08:00,2025-02-15T16:20:07-08:00,0,22
meta/index.html,7,html,ed98c9dc,syw003,2025-02-15,16:20:07,-08:00,2025-02-15T16:20:07-08:00,0,6
meta/index.html,8,html,ed98c9dc,syw003,2025-02-15,16:20:07,-08:00,2025-02-15T16:20:07-08:00,0,5
meta/index.html,9,html,ed98c9dc,syw003,2025-02-15,16:20:07,-08:00,2025-02-15T16:20:07-08:00,0,12
meta/index.html,10,html,ed98c9dc,syw003,2025-02-15,16:20:07,-08:00,2025-02-15T16:20:07-08:00,0,63
meta/index.html,11,html,ed98c9dc,syw003,2025-02-15,16:20:07,-08:00,2025-02-15T16:20:07-08:00,0,0
meta/index.html,12,html,ed98c9dc,syw003,2025-02-15,16:20:07,-08:00,2025-02-15T16:20:07-08:00,0,6
meta/index.html,13,html,ed98c9dc,syw003,2025-02-15,16:20:07,-08:00,2025-02-15T16:20:07-08:00,0,6
cv/index.html,1,html,4068a22f,syw003,2025-02-01,21:36:07,-08:00,2025-02-01T21:36:07-08:00,0,14
cv/index.html,2,html,4068a22f,syw003,2025-02-01,21:36:07,-08:00,2025-02-01T21:36:07-08:00,0,15
cv/index.html,3,html,4068a22f,syw003,2025-02-01,21:36:07,-08:00,2025-02-01T21:36:07-08:00,0,5
cv/index.html,4,html,4068a22f,syw003,2025-02-01,21:36:07,-08:00,2025-02-01T21:36:07-08:00,0,21
cv/index.html,5,html,4068a22f,syw003,2025-02-01,21:36:07,-08:00,2025-02-01T21:36:07-08:00,0,69
cv/index.html,6,html,4068a22f,syw003,2025-02-01,21:36:07,-08:00,2025-02-01T21:36:07-08:00,0,16
cv/index.html,7,html,4068a22f,syw003,2025-02-01,21:36:07,-08:00,2025-02-01T21:36:07-08:00,0,42
cv/index.html,8,html,4068a22f,syw003,2025-02-01,21:36:07,-08:00,2025-02-01T21:36:07-08:00,0,49
cv/index.html,9,html,4068a22f,syw003,2025-02-01,21:36:07,-08:00,2025-02-01T21:36:07-08:00,0,0
cv/index.html,10,html,4068a22f,syw003,2025-02-01,21:36:07,-08:00,2025-02-01T21:36:07-08:00,0,6
cv/index.html,11,html,4068a22f,syw003,2025-02-01,21:36:07,-08:00,2025-02-01T21:36:07-08:00,0,5
cv/index.html,12,html,4068a22f,syw003,2025-02-01,21:36:07,-08:00,2025-02-01T21:36:07-08:00,0,7
cv/index.html,13,html,4068a22f,syw003,2025-02-01,21:36:07,-08:00,2025-02-01T21:36:07-08:00,0,17
cv/index.html,14,html,4068a22f,syw003,2025-02-01,21:36:07,-08:00,2025-02-01T21:36:07-08:00,0,8
cv/index.html,15,html,4068a22f,syw003,2025-02-01,21:36:07,-08:00,2025-02-01T21:36:07-08:00,0,8
cv/index.html,16,html,4068a22f,syw003,2025-02-01,21:36:07,-08:00,2025-02-01T21:36:07-08:00,0,7
cv/index.html,17,html,4068a22f,syw003,2025-02-01,21:36:07,-08:00,2025-02-01T21:36:07-08:00,0,16
cv/index.html,18,html,4068a22f,syw003,2025-02-01,21:36:07,-08:00,2025-02-01T21:36:07-08:00,0,8
cv/index.html,19,html,4068a22f,syw003,2025-02-01,21:36:07,-08:00,2025-02-01T21:36:07-08:00,0,47
cv/index.html,20,html,4068a22f,syw003,2025-02-01,21:36:07,-08:00,2025-02-01T21:36:07-08:00,0,9
cv/index.html,21,html,4068a22f,syw003,2025-02-01,21:36:07,-08:00,2025-02-01T21:36:07-08:00,0,0
cv/index.html,22,html,4068a22f,syw003,2025-02-01,21:36:07,-08:00,2025-02-01T21:36:07-08:00,0,8
cv/index.html,23,html,4068a22f,syw003,2025-02-01,21:36:07,-08:00,2025-02-01T21:36:07-08:00,0,7
cv/index.html,24,html,4068a22f,syw003,2025-02-01,21:36:07,-08:00,2025-02-01T21:36:07-08:00,0,23
cv/index.html,25,html,4068a22f,syw003,2025-02-01,21:36:07,-08:00,2025-02-01T21:36:07-08:00,0,8
cv/index.html,26,html,4068a22f,syw003,2025-02-01,21:36:07,-08:00,2025-02-01T21:36:07-08:00,0,8
cv/index.html,27,html,4068a22f,syw003,2025-02-01,21:36:07,-08:00,2025-02-01T21:36:07-08:00,0,7
cv/index.html,28,html,4068a22f,syw003,2025-02-01,21:36:07,-08:00,2025-02-01T21:36:07-08:00,0,28
cv/index.html,29,html,4068a22f,syw003,2025-02-01,21:36:07,-08:00,2025-02-01T21:36:07-08:00,0,88
cv/index.html,30,html,4068a22f,syw003,2025-02-01,21:36:07,-08:00,2025-02-01T21:36:07-08:00,0,8
cv/index.html,31,html,4068a22f,syw003,2025-02-01,21:36:07,-08:00,2025-02-01T21:36:07-08:00,0,18
cv/index.html,32,html,4068a22f,syw003,2025-02-01,21:36:07,-08:00,2025-02-01T21:36:07-08:00,0,3
cv/index.html,33,html,4068a22f,syw003,2025-02-01,21:36:07,-08:00,2025-02-01T21:36:07-08:00,0,32
cv/index.html,34,html,4068a22f,syw003,2025-02-01,21:36:07,-08:00,2025-02-01T21:36:07-08:00,0,25
cv/index.html,35,html,4068a22f,syw003,2025-02-01,21:36:07,-08:00,2025-02-01T21:36:07-08:00,0,4
cv/index.html,36,html,4068a22f,syw003,2025-02-01,21:36:07,-08:00,2025-02-01T21:36:07-08:00,0,9
cv/index.html,37,html,4068a22f,syw003,2025-02-01,21:36:07,-08:00,2025-02-01T21:36:07-08:00,0,8
cv/index.html,38,html,4068a22f,syw003,2025-02-01,21:36:07,-08:00,2025-02-01T21:36:07-08:00,0,7
cv/index.html,39,html,4068a22f,syw003,2025-02-01,21:36:07,-08:00,2025-02-01T21:36:07-08:00,0,29
cv/index.html,40,html,4068a22f,syw003,2025-02-01,21:36:07,-08:00,2025-02-01T21:36:07-08:00,0,89
cv/index.html,41,html,4068a22f,syw003,2025-02-01,21:36:07,-08:00,2025-02-01T21:36:07-08:00,0,8
cv/index.html,42,html,4068a22f,syw003,2025-02-01,21:36:07,-08:00,2025-02-01T21:36:07-08:00,0,27
cv/index.html,43,html,4068a22f,syw003,2025-02-01,21:36:07,-08:00,2025-02-01T21:36:07-08:00,0,3
cv/index.html,44,html,4068a22f,syw003,2025-02-01,21:36:07,-08:00,2025-02-01T21:36:07-08:00,0,19
cv/index.html,45,html,4068a22f,syw003,2025-02-01,21:36:07,-08:00,2025-02-01T21:36:07-08:00,0,18
cv/index.html,46,html,4068a22f,syw003,2025-02-01,21:36:07,-08:00,2025-02-01T21:36:07-08:00,0,21
cv/index.html,47,html,4068a22f,syw003,2025-02-01,21:36:07,-08:00,2025-02-01T21:36:07-08:00,0,4
cv/index.html,48,html,4068a22f,syw003,2025-02-01,21:36:07,-08:00,2025-02-01T21:36:07-08:00,0,9
cv/index.html,49,html,4068a22f,syw003,2025-02-01,21:36:07,-08:00,2025-02-01T21:36:07-08:00,0,9
cv/index.html,50,html,4068a22f,syw003,2025-02-01,21:36:07,-08:00,2025-02-01T21:36:07-08:00,0,0
cv/index.html,51,html,4068a22f,syw003,2025-02-01,21:36:07,-08:00,2025-02-01T21:36:07-08:00,0,8
cv/index.html,52,html,4068a22f,syw003,2025-02-01,21:36:07,-08:00,2025-02-01T21:36:07-08:00,0,7
cv/index.html,53,html,4068a22f,syw003,2025-02-01,21:36:07,-08:00,2025-02-01T21:36:07-08:00,0,16
cv/index.html,54,html,4068a22f,syw003,2025-02-01,21:36:07,-08:00,2025-02-01T21:36:07-08:00,0,8
cv/index.html,55,html,4068a22f,syw003,2025-02-01,21:36:07,-08:00,2025-02-01T21:36:07-08:00,0,8
cv/index.html,56,html,4068a22f,syw003,2025-02-01,21:36:07,-08:00,2025-02-01T21:36:07-08:00,0,7
cv/index.html,57,html,4068a22f,syw003,2025-02-01,21:36:07,-08:00,2025-02-01T21:36:07-08:00,0,20
cv/index.html,58,html,4068a22f,syw003,2025-02-01,21:36:07,-08:00,2025-02-01T21:36:07-08:00,0,91
cv/index.html,59,html,4068a22f,syw003,2025-02-01,21:36:07,-08:00,2025-02-01T21:36:07-08:00,0,8
cv/index.html,60,html,4068a22f,syw003,2025-02-01,21:36:07,-08:00,2025-02-01T21:36:07-08:00,0,25
cv/index.html,61,html,4068a22f,syw003,2025-02-01,21:36:07,-08:00,2025-02-01T21:36:07-08:00,0,3
cv/index.html,62,html,4068a22f,syw003,2025-02-01,21:36:07,-08:00,2025-02-01T21:36:07-08:00,0,24
cv/index.html,63,html,4068a22f,syw003,2025-02-01,21:36:07,-08:00,2025-02-01T21:36:07-08:00,0,19
cv/index.html,64,html,4068a22f,syw003,2025-02-01,21:36:07,-08:00,2025-02-01T21:36:07-08:00,0,88
cv/index.html,65,html,4068a22f,syw003,2025-02-01,21:36:07,-08:00,2025-02-01T21:36:07-08:00,0,4
cv/index.html,66,html,4068a22f,syw003,2025-02-01,21:36:07,-08:00,2025-02-01T21:36:07-08:00,0,4
cv/index.html,67,html,4068a22f,syw003,2025-02-01,21:36:07,-08:00,2025-02-01T21:36:07-08:00,0,9
cv/index.html,68,html,4068a22f,syw003,2025-02-01,21:36:07,-08:00,2025-02-01T21:36:07-08:00,0,9
cv/index.html,69,html,4068a22f,syw003,2025-02-01,21:36:07,-08:00,2025-02-01T21:36:07-08:00,0,6
cv/index.html,70,html,4068a22f,syw003,2025-02-01,21:36:07,-08:00,2025-02-01T21:36:07-08:00,0,0
cv/index.html,71,html,4068a22f,syw003,2025-02-01,21:36:07,-08:00,2025-02-01T21:36:07-08:00,0,22
cv/index.html,72,html,4068a22f,syw003,2025-02-01,21:36:07,-08:00,2025-02-01T21:36:07-08:00,0,3
cv/index.html,73,html,4068a22f,syw003,2025-02-01,21:36:07,-08:00,2025-02-01T21:36:07-08:00,0,42
cv/index.html,74,html,4068a22f,syw003,2025-02-01,21:36:07,-08:00,2025-02-01T21:36:07-08:00,0,55
cv/index.html,75,html,4068a22f,syw003,2025-02-01,21:36:07,-08:00,2025-02-01T21:36:07-08:00,0,53
cv/index.html,76,html,4068a22f,syw003,2025-02-01,21:36:07,-08:00,2025-02-01T21:36:07-08:00,0,36
cv/index.html,77,html,4068a22f,syw003,2025-02-01,21:36:07,-08:00,2025-02-01T21:36:07-08:00,0,71
cv/index.html,78,html,4068a22f,syw003,2025-02-01,21:36:07,-08:00,2025-02-01T21:36:07-08:00,0,4
cv/index.html,79,html,4068a22f,syw003,2025-02-01,21:36:07,-08:00,2025-02-01T21:36:07-08:00,0,0
cv/index.html,80,html,4068a22f,syw003,2025-02-01,21:36:07,-08:00,2025-02-01T21:36:07-08:00,0,9
cv/index.html,81,html,4068a22f,syw003,2025-02-01,21:36:07,-08:00,2025-02-01T21:36:07-08:00,0,0
cv/index.html,82,html,4068a22f,syw003,2025-02-01,21:36:07,-08:00,2025-02-01T21:36:07-08:00,0,6
contact/index.html,1,html,4068a22f,syw003,2025-02-01,21:36:07,-08:00,2025-02-01T21:36:07-08:00,0,14
contact/index.html,2,html,4068a22f,syw003,2025-02-01,21:36:07,-08:00,2025-02-01T21:36:07-08:00,0,15
contact/index.html,3,html,4068a22f,syw003,2025-02-01,21:36:07,-08:00,2025-02-01T21:36:07-08:00,0,5
contact/index.html,4,html,4068a22f,syw003,2025-02-01,21:36:07,-08:00,2025-02-01T21:36:07-08:00,0,21
contact/index.html,5,html,4068a22f,syw003,2025-02-01,21:36:07,-08:00,2025-02-01T21:36:07-08:00,0,69
contact/index.html,6,html,4068a22f,syw003,2025-02-01,21:36:07,-08:00,2025-02-01T21:36:07-08:00,0,21
contact/index.html,7,html,4068a22f,syw003,2025-02-01,21:36:07,-08:00,2025-02-01T21:36:07-08:00,0,42
contact/index.html,8,html,4068a22f,syw003,2025-02-01,21:36:07,-08:00,2025-02-01T21:36:07-08:00,0,49
contact/index.html,9,html,4068a22f,syw003,2025-02-01,21:36:07,-08:00,2025-02-01T21:36:07-08:00,0,0
contact/index.html,10,html,4068a22f,syw003,2025-02-01,21:36:07,-08:00,2025-02-01T21:36:07-08:00,0,6
contact/index.html,11,html,4068a22f,syw003,2025-02-01,21:36:07,-08:00,2025-02-01T21:36:07-08:00,0,5
contact/index.html,12,html,4068a22f,syw003,2025-02-01,21:36:07,-08:00,2025-02-01T21:36:07-08:00,0,20
contact/index.html,13,html,4068a22f,syw003,2025-02-01,21:36:07,-08:00,2025-02-01T21:36:07-08:00,0,0
contact/index.html,14,html,4068a22f,syw003,2025-02-01,21:36:07,-08:00,2025-02-01T21:36:07-08:00,0,6
contact/index.html,15,html,4068a22f,syw003,2025-02-01,21:36:07,-08:00,2025-02-01T21:36:07-08:00,0,22
contact/index.html,16,html,4068a22f,syw003,2025-02-01,21:36:07,-08:00,2025-02-01T21:36:07-08:00,0,3
contact/index.html,17,html,4068a22f,syw003,2025-02-01,21:36:07,-08:00,2025-02-01T21:36:07-08:00,0,42
contact/index.html,18,html,4068a22f,syw003,2025-02-01,21:36:07,-08:00,2025-02-01T21:36:07-08:00,0,55
contact/index.html,19,html,4068a22f,syw003,2025-02-01,21:36:07,-08:00,2025-02-01T21:36:07-08:00,0,41
contact/index.html,20,html,4068a22f,syw003,2025-02-01,21:36:07,-08:00,2025-02-01T21:36:07-08:00,0,43
contact/index.html,21,html,4068a22f,syw003,2025-02-01,21:36:07,-08:00,2025-02-01T21:36:07-08:00,0,71
contact/index.html,22,html,4068a22f,syw003,2025-02-01,21:36:07,-08:00,2025-02-01T21:36:07-08:00,0,4
contact/index.html,23,html,4068a22f,syw003,2025-02-01,21:36:07,-08:00,2025-02-01T21:36:07-08:00,0,0
contact/index.html,24,html,4068a22f,syw003,2025-02-01,21:36:07,-08:00,2025-02-01T21:36:07-08:00,0,9
contact/index.html,25,html,4068a22f,syw003,2025-02-01,21:36:07,-08:00,2025-02-01T21:36:07-08:00,0,0
contact/index.html,26,html,4068a22f,syw003,2025-02-01,21:36:07,-08:00,2025-02-01T21:36:07-08:00,0,50
contact/index.html,27,html,4068a22f,syw003,2025-02-01,21:36:07,-08:00,2025-02-01T21:36:07-08:00,0,32
contact/index.html,28,html,4068a22f,syw003,2025-02-01,21:36:07,-08:00,2025-02-01T21:36:07-08:00,0,34
contact/index.html,29,html,4068a22f,syw003,2025-02-01,21:36:07,-08:00,2025-02-01T21:36:07-08:00,0,36
contact/index.html,30,html,4068a22f,syw003,2025-02-01,21:36:07,-08:00,2025-02-01T21:36:07-08:00,0,23
contact/index.html,31,html,4068a22f,syw003,2025-02-01,21:36:07,-08:00,2025-02-01T21:36:07-08:00,0,30
contact/index.html,32,html,4068a22f,syw003,2025-02-01,21:36:07,-08:00,2025-02-01T21:36:07-08:00,0,32
contact/index.html,33,html,4068a22f,syw003,2025-02-01,21:36:07,-08:00,2025-02-01T21:36:07-08:00,0,34
contact/index.html,34,html,4068a22f,syw003,2025-02-01,21:36:07,-08:00,2025-02-01T21:36:07-08:00,0,0
contact/index.html,35,html,4068a22f,syw003,2025-02-01,21:36:07,-08:00,2025-02-01T21:36:07-08:00,0,0
contact/index.html,36,html,4068a22f,syw003,2025-02-01,21:36:07,-08:00,2025-02-01T21:36:07-08:00,0,6
contact/index.html,37,html,4068a22f,syw003,2025-02-01,21:36:07,-08:00,2025-02-01T21:36:07-08:00,0,0
contact/index.html,38,html,4068a22f,syw003,2025-02-01,21:36:07,-08:00,2025-02-01T21:36:07-08:00,0,6
